datetime,open,high,low,close,volume
2008-01-02T06:00:00Z,3090.75,3092.0,3090.0,3091.5,184
2008-01-02T06:01:00Z,3091.5,3092.5,3091.5,3092.5,83
2008-01-02T06:02:00Z,3092.75,3093.75,3092.75,3093.25,25
2008-01-02T06:03:00Z,3093.0,3093.5,3092.25,3093.0,83
2008-01-02T06:04:00Z,3093.0,3093.0,3092.5,3093.0,52
2008-01-02T06:05:00Z,3093.25,3096.0,3093.25,3096.0,53
2008-01-02T06:06:00Z,3096.0,3096.5,3095.5,3096.0,123
2008-01-02T06:07:00Z,3096.25,3096.25,3092.75,3093.75,116
2008-01-02T06:08:00Z,3094.0,3094.0,3094.0,3094.0,3
2008-01-02T06:09:00Z,3094.5,3094.75,3094.5,3094.5,18
2008-01-02T06:10:00Z,3094.5,3094.5,3094.0,3094.0,29
2008-01-02T06:11:00Z,3094.0,3094.0,3094.0,3094.0,2
2008-01-02T06:12:00Z,3094.5,3094.5,3093.0,3093.75,39
2008-01-02T06:13:00Z,3094.25,3094.25,3093.75,3094.0,26
2008-01-02T06:14:00Z,3094.0,3094.0,3093.25,3093.5,10
2008-01-02T06:15:00Z,3093.75,3094.0,3093.75,3094.0,8
2008-01-02T06:16:00Z,3094.0,3094.0,3093.5,3093.75,4
2008-01-02T06:17:00Z,3094.0,3094.0,3094.0,3094.0,12
2008-01-02T06:18:00Z,3094.25,3094.5,3094.25,3094.5,13
2008-01-02T06:19:00Z,3094.25,3094.25,3093.75,3094.0,13
2008-01-02T06:20:00Z,3094.0,3094.5,3094.0,3094.5,3
2008-01-02T06:22:00Z,3094.0,3094.0,3094.0,3094.0,1
2008-01-02T06:23:00Z,3094.0,3094.75,3094.0,3094.75,9
2008-01-02T06:25:00Z,3095.5,3095.5,3095.5,3095.5,1
2008-01-02T06:27:00Z,3095.25,3095.25,3094.75,3094.75,11
2008-01-02T06:28:00Z,3094.75,3095.5,3094.75,3095.5,4
2008-01-02T06:29:00Z,3094.75,3094.75,3094.75,3094.75,170
2008-01-02T06:30:00Z,3094.75,3095.0,3094.75,3095.0,9
2008-01-02T06:31:00Z,3095.25,3095.25,3095.25,3095.25,5
2008-01-02T06:32:00Z,3095.0,3095.0,3095.0,3095.0,1
2008-01-02T06:33:00Z,3095.25,3095.25,3095.25,3095.25,1
2008-01-02T06:34:00Z,3095.0,3095.25,3094.75,3095.25,61
2008-01-02T06:35:00Z,3095.0,3095.0,3094.75,3094.75,25
2008-01-02T06:36:00Z,3094.75,3095.25,3094.75,3095.25,68
2008-01-02T06:37:00Z,3095.25,3095.25,3094.75,3095.25,12
2008-01-02T06:38:00Z,3095.0,3095.5,3094.75,3095.5,34
2008-01-02T06:39:00Z,3095.5,3095.5,3095.25,3095.25,2
2008-01-02T06:40:00Z,3095.25,3095.25,3095.25,3095.25,4
2008-01-02T06:41:00Z,3095.0,3095.0,3094.75,3094.75,5
2008-01-02T06:42:00Z,3095.25,3095.25,3095.25,3095.25,2
2008-01-02T06:45:00Z,3095.0,3095.0,3094.75,3094.75,24
2008-01-02T06:46:00Z,3094.75,3094.75,3094.75,3094.75,6
2008-01-02T06:47:00Z,3094.75,3094.75,3094.75,3094.75,1
2008-01-02T06:48:00Z,3094.75,3094.75,3094.75,3094.75,3
2008-01-02T06:50:00Z,3095.25,3095.25,3095.25,3095.25,2
2008-01-02T06:51:00Z,3094.75,3095.5,3094.75,3095.0,3
2008-01-02T06:53:00Z,3095.0,3095.0,3094.75,3095.0,15
2008-01-02T06:54:00Z,3095.25,3095.75,3095.25,3095.75,33
2008-01-02T06:55:00Z,3095.75,3095.75,3095.5,3095.5,3
2008-01-02T06:56:00Z,3095.5,3095.5,3095.5,3095.5,10
2008-01-02T06:57:00Z,3095.5,3095.5,3095.5,3095.5,2
2008-01-02T06:58:00Z,3095.75,3095.75,3095.75,3095.75,10
2008-01-02T06:59:00Z,3095.75,3095.75,3095.75,3095.75,1
2008-01-02T07:01:00Z,3095.5,3095.5,3095.25,3095.25,6
2008-01-02T07:02:00Z,3095.25,3095.75,3095.0,3095.25,23
2008-01-02T07:03:00Z,3095.25,3095.5,3094.75,3095.0,76
2008-01-02T07:04:00Z,3095.0,3095.0,3095.0,3095.0,3
2008-01-02T07:05:00Z,3095.0,3095.0,3094.75,3094.75,96
2008-01-02T07:06:00Z,3094.75,3094.75,3094.75,3094.75,60
2008-01-02T07:07:00Z,3094.75,3094.75,3093.5,3093.5,39
2008-01-02T07:09:00Z,3094.0,3094.0,3093.25,3093.25,9
2008-01-02T07:10:00Z,3093.5,3093.5,3093.25,3093.25,30
2008-01-02T07:11:00Z,3093.0,3093.75,3092.75,3093.75,35
2008-01-02T07:12:00Z,3093.5,3093.75,3093.25,3093.25,31
2008-01-02T07:13:00Z,3093.0,3093.0,3093.0,3093.0,4
2008-01-02T07:14:00Z,3092.75,3092.75,3092.75,3092.75,8
2008-01-02T07:15:00Z,3092.75,3092.75,3092.75,3092.75,2
2008-01-02T07:16:00Z,3092.75,3092.75,3092.0,3092.0,13
2008-01-02T07:17:00Z,3092.75,3092.75,3092.75,3092.75,8
2008-01-02T07:18:00Z,3092.5,3092.5,3092.25,3092.5,38
2008-01-02T07:19:00Z,3092.75,3092.75,3092.75,3092.75,2
2008-01-02T07:20:00Z,3093.25,3093.5,3093.25,3093.5,3
2008-01-02T07:21:00Z,3093.0,3093.0,3092.75,3092.75,5
2008-01-02T07:22:00Z,3093.25,3093.5,3093.25,3093.5,4
2008-01-02T07:23:00Z,3093.75,3093.75,3093.25,3093.25,8
2008-01-02T07:24:00Z,3093.5,3093.75,3093.5,3093.75,7
2008-01-02T07:25:00Z,3093.5,3093.5,3093.0,3093.5,28
2008-01-02T07:26:00Z,3093.5,3093.5,3093.25,3093.25,4
2008-01-02T07:27:00Z,3093.25,3093.25,3093.0,3093.0,5
2008-01-02T07:28:00Z,3093.0,3093.0,3093.0,3093.0,2
2008-01-02T07:29:00Z,3093.0,3093.25,3093.0,3093.25,5
2008-01-02T07:31:00Z,3092.75,3092.75,3092.5,3092.5,30
2008-01-02T07:32:00Z,3092.75,3092.75,3092.25,3092.25,5
2008-01-02T07:33:00Z,3092.5,3092.5,3092.25,3092.5,18
2008-01-02T07:34:00Z,3092.25,3092.25,3092.25,3092.25,1
2008-01-02T07:35:00Z,3093.0,3093.0,3093.0,3093.0,1
2008-01-02T07:36:00Z,3092.25,3092.5,3092.0,3092.25,13
2008-01-02T07:37:00Z,3092.5,3092.5,3092.0,3092.0,8
2008-01-02T07:38:00Z,3092.5,3092.5,3092.5,3092.5,2
2008-01-02T07:39:00Z,3092.0,3092.5,3092.0,3092.5,4
2008-01-02T07:41:00Z,3092.25,3092.5,3092.0,3092.5,48
2008-01-02T07:43:00Z,3092.25,3092.25,3092.25,3092.25,7
2008-01-02T07:44:00Z,3092.5,3092.75,3092.5,3092.5,10
2008-01-02T07:45:00Z,3092.75,3092.75,3092.25,3092.5,9
2008-01-02T07:46:00Z,3092.0,3092.0,3092.0,3092.0,34
2008-01-02T07:47:00Z,3091.75,3091.75,3091.25,3091.5,79
2008-01-02T07:48:00Z,3091.25,3091.25,3091.25,3091.25,6
2008-01-02T07:49:00Z,3091.5,3091.75,3091.0,3091.75,13
2008-01-02T07:50:00Z,3091.75,3091.75,3091.25,3091.25,16
2008-01-02T07:51:00Z,3091.5,3091.75,3091.0,3091.0,42
2008-01-02T07:52:00Z,3091.25,3091.25,3091.25,3091.25,2
2008-01-02T07:53:00Z,3091.0,3091.0,3090.75,3091.0,25
2008-01-02T07:54:00Z,3090.75,3091.25,3090.75,3091.25,3
2008-01-02T07:55:00Z,3090.5,3090.5,3090.0,3090.25,39
2008-01-02T07:56:00Z,3090.25,3090.75,3090.25,3090.5,7
2008-01-02T07:57:00Z,3090.25,3091.0,3090.25,3091.0,16
2008-01-02T07:59:00Z,3090.5,3090.5,3090.5,3090.5,14
2008-01-02T08:00:00Z,3090.5,3091.25,3090.5,3090.5,20
2008-01-02T08:01:00Z,3090.75,3091.0,3090.75,3091.0,4
2008-01-02T08:02:00Z,3091.0,3091.0,3090.75,3091.0,20
2008-01-02T08:03:00Z,3091.0,3091.5,3091.0,3091.5,10
2008-01-02T08:04:00Z,3090.75,3091.0,3090.75,3090.75,14
2008-01-02T08:05:00Z,3090.75,3091.0,3090.5,3091.0,36
2008-01-02T08:06:00Z,3090.75,3090.75,3090.75,3090.75,10
2008-01-02T08:07:00Z,3091.0,3091.0,3090.75,3090.75,14
2008-01-02T08:08:00Z,3090.5,3090.5,3090.25,3090.25,23
2008-01-02T08:09:00Z,3090.0,3090.25,3089.75,3090.25,8
2008-01-02T08:10:00Z,3090.0,3090.0,3090.0,3090.0,14
2008-01-02T08:11:00Z,3090.0,3090.25,3089.75,3089.75,58
2008-01-02T08:12:00Z,3089.75,3089.75,3087.75,3087.75,98
2008-01-02T08:13:00Z,3088.75,3088.75,3088.0,3088.0,10
2008-01-02T08:14:00Z,3088.25,3088.25,3087.75,3088.0,16
2008-01-02T08:15:00Z,3087.5,3087.5,3086.5,3086.75,58
2008-01-02T08:16:00Z,3086.75,3087.75,3086.5,3087.75,108
2008-01-02T08:17:00Z,3088.0,3088.5,3088.0,3088.25,38
2008-01-02T08:18:00Z,3088.25,3088.25,3087.5,3087.5,45
2008-01-02T08:19:00Z,3087.75,3088.25,3087.75,3088.25,38
2008-01-02T08:20:00Z,3088.25,3088.5,3087.25,3088.5,82
2008-01-02T08:21:00Z,3088.5,3088.5,3088.5,3088.5,1
2008-01-02T08:22:00Z,3088.5,3088.5,3087.5,3088.25,20
2008-01-02T08:23:00Z,3088.0,3088.0,3087.5,3087.5,22
2008-01-02T08:24:00Z,3087.75,3088.0,3087.75,3088.0,27
2008-01-02T08:25:00Z,3088.25,3088.25,3087.75,3088.0,36
2008-01-02T08:27:00Z,3088.25,3088.25,3088.0,3088.0,18
2008-01-02T08:28:00Z,3088.0,3089.0,3088.0,3088.5,68
2008-01-02T08:29:00Z,3089.0,3089.0,3089.0,3089.0,10
2008-01-02T08:30:00Z,3089.0,3089.25,3089.0,3089.25,2
2008-01-02T08:31:00Z,3088.75,3090.75,3088.75,3090.0,84
2008-01-02T08:32:00Z,3090.25,3090.25,3089.75,3090.0,61
2008-01-02T08:33:00Z,3090.0,3090.0,3089.75,3089.75,20
2008-01-02T08:34:00Z,3089.5,3089.75,3089.5,3089.75,21
2008-01-02T08:35:00Z,3089.75,3090.0,3089.75,3090.0,5
2008-01-02T08:36:00Z,3089.5,3089.75,3088.5,3088.75,71
2008-01-02T08:37:00Z,3089.0,3090.0,3088.75,3089.0,36
2008-01-02T08:38:00Z,3088.75,3088.75,3088.75,3088.75,1
2008-01-02T08:39:00Z,3089.5,3089.5,3089.5,3089.5,3
2008-01-02T08:40:00Z,3089.75,3089.75,3089.0,3089.0,31
2008-01-02T08:41:00Z,3089.25,3089.75,3089.25,3089.75,25
2008-01-02T08:42:00Z,3089.5,3089.75,3089.5,3089.75,5
2008-01-02T08:43:00Z,3090.0,3090.25,3089.25,3089.5,25
2008-01-02T08:44:00Z,3089.75,3089.75,3089.5,3089.5,16
2008-01-02T08:45:00Z,3089.25,3089.25,3088.75,3088.75,68
2008-01-02T08:46:00Z,3089.25,3089.25,3088.75,3088.75,11
2008-01-02T08:47:00Z,3089.0,3089.0,3088.25,3088.5,57
2008-01-02T08:48:00Z,3088.5,3088.5,3088.25,3088.25,7
2008-01-02T08:49:00Z,3088.5,3089.25,3088.5,3089.25,18
2008-01-02T08:50:00Z,3088.75,3088.75,3088.25,3088.75,13
2008-01-02T08:51:00Z,3088.5,3088.5,3088.5,3088.5,1
2008-01-02T08:52:00Z,3088.5,3088.75,3088.5,3088.75,9
2008-01-02T08:53:00Z,3088.5,3088.5,3088.25,3088.5,44
2008-01-02T08:54:00Z,3089.0,3089.0,3089.0,3089.0,5
2008-01-02T08:55:00Z,3088.75,3088.75,3088.25,3088.5,20
2008-01-02T08:56:00Z,3088.75,3088.75,3087.75,3087.75,80
2008-01-02T08:57:00Z,3087.75,3088.0,3087.5,3087.5,121
2008-01-02T08:58:00Z,3087.75,3088.0,3087.75,3088.0,44
2008-01-02T08:59:00Z,3087.75,3087.75,3087.25,3087.25,114
2008-01-02T09:00:00Z,3087.25,3088.75,3087.0,3087.75,235
2008-01-02T09:01:00Z,3088.0,3088.25,3087.75,3087.75,99
2008-01-02T09:02:00Z,3087.75,3088.0,3087.75,3088.0,16
2008-01-02T09:03:00Z,3088.0,3088.25,3087.5,3088.0,86
2008-01-02T09:04:00Z,3088.0,3088.0,3087.75,3087.75,18
2008-01-02T09:05:00Z,3087.5,3087.5,3087.0,3087.0,35
2008-01-02T09:06:00Z,3087.25,3087.75,3086.75,3086.75,33
2008-01-02T09:07:00Z,3087.0,3087.25,3086.5,3087.0,12
2008-01-02T09:08:00Z,3087.25,3087.25,3087.25,3087.25,10
2008-01-02T09:09:00Z,3087.25,3087.5,3087.25,3087.5,2
2008-01-02T09:10:00Z,3087.5,3087.5,3087.25,3087.25,16
2008-01-02T09:11:00Z,3087.0,3087.0,3087.0,3087.0,21
2008-01-02T09:12:00Z,3087.5,3087.5,3087.25,3087.25,43
2008-01-02T09:13:00Z,3087.0,3087.0,3086.0,3086.0,118
2008-01-02T09:14:00Z,3086.0,3086.5,3085.75,3086.25,73
2008-01-02T09:15:00Z,3086.5,3086.5,3086.0,3086.0,15
2008-01-02T09:16:00Z,3086.0,3086.5,3085.25,3085.25,112
2008-01-02T09:17:00Z,3085.0,3085.0,3084.75,3085.0,63
2008-01-02T09:18:00Z,3085.0,3085.25,3084.75,3084.75,79
2008-01-02T09:19:00Z,3084.75,3084.75,3084.5,3084.5,87
2008-01-02T09:20:00Z,3084.5,3084.75,3082.75,3082.75,345
2008-01-02T09:21:00Z,3082.5,3083.25,3082.5,3083.25,74
2008-01-02T09:22:00Z,3083.5,3084.0,3083.5,3083.75,165
2008-01-02T09:23:00Z,3083.75,3083.75,3082.5,3083.0,200
2008-01-02T09:24:00Z,3083.0,3084.0,3082.75,3083.25,218
2008-01-02T09:25:00Z,3083.25,3083.5,3082.5,3083.0,113
2008-01-02T09:26:00Z,3082.75,3083.25,3082.25,3083.25,107
2008-01-02T09:27:00Z,3083.5,3084.0,3083.0,3083.5,127
2008-01-02T09:28:00Z,3083.0,3084.5,3083.0,3084.5,60
2008-01-02T09:29:00Z,3084.5,3085.5,3084.25,3084.25,184
2008-01-02T09:30:00Z,3084.25,3085.75,3083.5,3085.75,1644
2008-01-02T09:31:00Z,3085.75,3087.0,3085.5,3086.25,1149
2008-01-02T09:32:00Z,3086.25,3088.5,3086.25,3087.0,1029
2008-01-02T09:33:00Z,3087.0,3087.5,3086.5,3086.5,733
2008-01-02T09:34:00Z,3086.5,3089.0,3086.25,3089.0,1060
2008-01-02T09:35:00Z,3089.0,3089.25,3088.0,3089.0,943
2008-01-02T09:36:00Z,3088.75,3091.5,3086.75,3086.75,1707
2008-01-02T09:37:00Z,3086.5,3087.75,3085.5,3086.5,1436
2008-01-02T09:38:00Z,3086.75,3089.75,3086.5,3089.0,1290
2008-01-02T09:39:00Z,3089.0,3090.5,3088.75,3090.0,525
2008-01-02T09:40:00Z,3089.75,3090.75,3088.25,3090.5,1076
2008-01-02T09:41:00Z,3090.75,3091.0,3089.0,3090.5,795
2008-01-02T09:42:00Z,3090.5,3092.0,3089.75,3091.5,1172
2008-01-02T09:43:00Z,3091.5,3092.25,3090.75,3090.75,994
2008-01-02T09:44:00Z,3091.0,3091.25,3089.0,3090.5,745
2008-01-02T09:45:00Z,3090.5,3090.75,3089.25,3089.5,386
2008-01-02T09:46:00Z,3089.5,3090.5,3088.25,3088.25,916
2008-01-02T09:47:00Z,3088.0,3089.75,3087.75,3089.5,546
2008-01-02T09:48:00Z,3089.25,3089.25,3087.5,3087.5,462
2008-01-02T09:49:00Z,3087.5,3088.0,3087.0,3087.25,619
2008-01-02T09:50:00Z,3087.25,3087.25,3086.0,3086.25,1045
2008-01-02T09:51:00Z,3086.5,3087.25,3086.0,3086.25,1187
2008-01-02T09:52:00Z,3086.5,3086.75,3086.25,3086.5,197
2008-01-02T09:53:00Z,3086.5,3088.5,3086.5,3088.25,609
2008-01-02T09:54:00Z,3088.5,3089.0,3088.0,3088.5,251
2008-01-02T09:55:00Z,3088.75,3089.0,3087.5,3088.0,528
2008-01-02T09:56:00Z,3088.0,3088.25,3086.5,3086.75,812
2008-01-02T09:57:00Z,3086.75,3087.0,3085.0,3086.5,902
2008-01-02T09:58:00Z,3086.0,3088.5,3086.0,3088.0,339
2008-01-02T09:59:00Z,3088.25,3088.75,3087.75,3088.5,220
2008-01-02T10:00:00Z,3088.5,3088.5,3082.0,3082.0,3357
2008-01-02T10:01:00Z,3082.25,3082.75,3077.75,3078.75,2810
2008-01-02T10:02:00Z,3078.5,3082.25,3077.75,3079.5,2481
2008-01-02T10:03:00Z,3079.5,3082.5,3079.25,3081.0,1548
2008-01-02T10:04:00Z,3081.25,3082.75,3080.75,3081.0,1053
2008-01-02T10:05:00Z,3081.25,3081.75,3078.75,3079.0,959
2008-01-02T10:06:00Z,3079.25,3083.5,3078.25,3081.0,2108
2008-01-02T10:07:00Z,3081.0,3083.75,3080.25,3083.25,1113
2008-01-02T10:08:00Z,3083.25,3085.5,3082.25,3084.25,1423
2008-01-02T10:09:00Z,3084.25,3086.5,3082.0,3083.0,2459
2008-01-02T10:10:00Z,3083.0,3084.25,3081.0,3081.5,1545
2008-01-02T10:11:00Z,3081.5,3082.25,3080.25,3081.0,1244
2008-01-02T10:12:00Z,3081.0,3082.25,3080.75,3081.25,624
2008-01-02T10:13:00Z,3081.0,3081.0,3078.5,3079.5,931
2008-01-02T10:14:00Z,3079.5,3079.5,3078.0,3078.75,615
2008-01-02T10:15:00Z,3078.75,3080.0,3077.5,3079.25,1734
2008-01-02T10:16:00Z,3079.25,3079.25,3076.5,3077.0,1221
2008-01-02T10:17:00Z,3077.0,3079.25,3077.0,3078.25,1343
2008-01-02T10:18:00Z,3078.25,3078.75,3076.75,3076.75,876
2008-01-02T10:19:00Z,3077.0,3078.25,3075.0,3077.75,1534
2008-01-02T10:20:00Z,3077.5,3078.5,3076.25,3078.5,1678
2008-01-02T10:21:00Z,3078.5,3079.25,3078.0,3079.25,966
2008-01-02T10:22:00Z,3079.0,3080.0,3078.75,3079.0,628
2008-01-02T10:23:00Z,3079.25,3081.25,3079.0,3080.75,748
2008-01-02T10:24:00Z,3080.5,3080.75,3079.75,3080.25,427
2008-01-02T10:25:00Z,3080.25,3081.5,3080.25,3081.25,553
2008-01-02T10:26:00Z,3081.25,3082.0,3080.75,3081.0,581
2008-01-02T10:27:00Z,3081.0,3082.25,3081.0,3082.25,454
2008-01-02T10:28:00Z,3082.25,3082.25,3081.0,3081.75,529
2008-01-02T10:29:00Z,3082.0,3082.5,3081.25,3082.25,264
2008-01-02T10:30:00Z,3082.5,3082.5,3079.75,3080.75,743
2008-01-02T10:31:00Z,3080.5,3082.0,3079.5,3081.0,764
2008-01-02T10:32:00Z,3081.0,3081.5,3079.75,3080.25,387
2008-01-02T10:33:00Z,3080.0,3080.25,3078.25,3078.75,758
2008-01-02T10:34:00Z,3078.75,3081.5,3078.25,3080.25,813
2008-01-02T10:35:00Z,3080.25,3081.0,3079.5,3080.25,436
2008-01-02T10:36:00Z,3080.5,3080.5,3079.75,3079.75,295
2008-01-02T10:37:00Z,3080.0,3080.25,3079.5,3080.25,393
2008-01-02T10:38:00Z,3080.25,3080.5,3079.5,3079.5,590
2008-01-02T10:39:00Z,3079.75,3080.25,3078.0,3078.0,643
2008-01-02T10:40:00Z,3078.0,3078.5,3076.5,3078.0,1048
2008-01-02T10:41:00Z,3078.0,3078.25,3077.25,3077.75,543
2008-01-02T10:42:00Z,3077.75,3078.25,3076.75,3077.0,1164
2008-01-02T10:43:00Z,3077.0,3077.25,3076.0,3076.5,982
2008-01-02T10:44:00Z,3076.5,3076.5,3074.0,3074.75,1429
2008-01-02T10:45:00Z,3074.75,3076.25,3074.5,3075.75,1302
2008-01-02T10:46:00Z,3075.75,3076.5,3074.0,3074.0,1126
2008-01-02T10:47:00Z,3074.0,3074.75,3073.25,3073.5,1032
2008-01-02T10:48:00Z,3074.0,3075.25,3073.0,3074.25,1189
2008-01-02T10:49:00Z,3074.0,3074.5,3071.75,3072.25,1874
2008-01-02T10:50:00Z,3072.25,3072.5,3071.5,3072.25,1781
2008-01-02T10:51:00Z,3072.25,3072.25,3071.5,3072.0,388
2008-01-02T10:52:00Z,3072.0,3072.5,3070.5,3072.25,974
2008-01-02T10:53:00Z,3072.75,3074.5,3072.5,3074.25,1180
2008-01-02T10:54:00Z,3074.25,3074.5,3073.0,3073.25,985
2008-01-02T10:55:00Z,3073.25,3074.0,3072.25,3072.25,693
2008-01-02T10:56:00Z,3072.5,3072.5,3069.5,3071.0,1311
2008-01-02T10:57:00Z,3070.75,3071.75,3070.25,3071.25,795
2008-01-02T10:58:00Z,3071.0,3071.5,3070.25,3070.75,808
2008-01-02T10:59:00Z,3070.75,3070.75,3069.25,3069.75,443
2008-01-02T11:00:00Z,3069.75,3072.0,3069.25,3072.0,928
2008-01-02T11:01:00Z,3072.0,3073.0,3071.75,3072.25,639
2008-01-02T11:02:00Z,3072.0,3072.75,3071.75,3072.75,495
2008-01-02T11:03:00Z,3072.75,3073.0,3071.0,3071.25,642
2008-01-02T11:04:00Z,3071.25,3072.25,3070.5,3071.75,584
2008-01-02T11:05:00Z,3071.75,3073.25,3071.25,3072.25,759
2008-01-02T11:06:00Z,3072.25,3073.5,3072.0,3072.0,604
2008-01-02T11:07:00Z,3072.0,3074.0,3071.75,3074.0,522
2008-01-02T11:08:00Z,3074.0,3074.25,3072.75,3072.75,440
2008-01-02T11:09:00Z,3072.75,3072.75,3071.25,3071.75,723
2008-01-02T11:10:00Z,3072.0,3073.25,3070.75,3071.0,1052
2008-01-02T11:11:00Z,3071.25,3071.5,3070.0,3070.25,298
2008-01-02T11:12:00Z,3070.0,3070.25,3067.0,3067.25,1877
2008-01-02T11:13:00Z,3067.25,3067.5,3065.0,3066.25,3112
2008-01-02T11:14:00Z,3066.25,3066.5,3065.0,3065.5,1528
2008-01-02T11:15:00Z,3065.25,3065.75,3064.75,3065.75,1327
2008-01-02T11:16:00Z,3065.75,3066.0,3063.75,3064.0,1065
2008-01-02T11:17:00Z,3063.75,3063.75,3060.25,3061.0,2349
2008-01-02T11:18:00Z,3061.0,3062.25,3060.5,3061.75,840
2008-01-02T11:19:00Z,3061.75,3062.25,3060.75,3060.75,442
2008-01-02T11:20:00Z,3060.75,3060.75,3056.25,3057.5,2726
2008-01-02T11:21:00Z,3057.75,3057.75,3056.0,3056.5,1924
2008-01-02T11:22:00Z,3056.5,3056.75,3055.75,3056.0,1960
2008-01-02T11:23:00Z,3056.25,3057.5,3056.0,3056.25,974
2008-01-02T11:24:00Z,3056.25,3057.5,3056.0,3057.25,980
2008-01-02T11:25:00Z,3057.25,3058.25,3056.75,3057.75,450
2008-01-02T11:26:00Z,3058.0,3059.0,3057.5,3058.5,471
2008-01-02T11:27:00Z,3058.75,3059.25,3056.5,3057.0,1159
2008-01-02T11:28:00Z,3056.75,3057.5,3056.5,3057.5,425
2008-01-02T11:29:00Z,3057.5,3058.5,3057.25,3057.5,607
2008-01-02T11:30:00Z,3057.25,3057.75,3056.0,3056.75,720
2008-01-02T11:31:00Z,3056.75,3057.25,3056.0,3056.75,378
2008-01-02T11:32:00Z,3056.75,3056.75,3054.5,3055.0,1480
2008-01-02T11:33:00Z,3055.0,3055.0,3052.0,3052.0,1619
2008-01-02T11:34:00Z,3052.0,3053.25,3051.5,3052.25,1553
2008-01-02T11:35:00Z,3052.0,3052.5,3051.75,3052.25,562
2008-01-02T11:36:00Z,3052.0,3052.25,3049.75,3049.75,1492
2008-01-02T11:37:00Z,3049.5,3050.25,3048.5,3049.75,1831
2008-01-02T11:38:00Z,3049.75,3050.0,3049.0,3049.25,1967
2008-01-02T11:39:00Z,3049.25,3049.25,3047.0,3048.0,3394
2008-01-02T11:40:00Z,3048.25,3048.5,3047.5,3047.75,929
2008-01-02T11:41:00Z,3047.75,3047.75,3046.25,3047.75,1381
2008-01-02T11:42:00Z,3047.5,3048.25,3046.75,3047.25,1114
2008-01-02T11:43:00Z,3047.25,3047.75,3044.0,3045.25,2824
2008-01-02T11:44:00Z,3045.25,3045.5,3044.0,3045.25,1489
2008-01-02T11:45:00Z,3045.25,3045.25,3044.5,3044.5,827
2008-01-02T11:46:00Z,3044.5,3044.75,3042.0,3042.75,2193
2008-01-02T11:47:00Z,3042.75,3044.75,3042.25,3044.5,1632
2008-01-02T11:48:00Z,3044.5,3046.0,3044.0,3046.0,1329
2008-01-02T11:49:00Z,3046.0,3046.75,3045.25,3045.5,1633
2008-01-02T11:50:00Z,3045.75,3047.25,3045.25,3047.25,1322
2008-01-02T11:51:00Z,3047.25,3049.75,3047.25,3049.75,1814
2008-01-02T11:52:00Z,3049.75,3050.0,3048.0,3048.0,1428
2008-01-02T11:53:00Z,3047.75,3048.25,3047.25,3047.75,891
2008-01-02T11:54:00Z,3047.75,3047.75,3047.0,3047.25,416
2008-01-02T11:55:00Z,3047.25,3048.0,3047.25,3047.25,324
2008-01-02T11:56:00Z,3047.25,3047.25,3046.0,3047.0,482
2008-01-02T11:57:00Z,3046.75,3049.0,3046.75,3049.0,604
2008-01-02T11:58:00Z,3049.0,3049.75,3048.75,3049.5,1043
2008-01-02T11:59:00Z,3049.5,3050.5,3049.25,3050.5,1091
2008-01-02T12:00:00Z,3050.5,3050.5,3048.5,3049.25,2442
2008-01-02T12:01:00Z,3049.25,3050.25,3049.0,3050.0,696
2008-01-02T12:02:00Z,3050.0,3050.5,3048.75,3049.0,1396
2008-01-02T12:03:00Z,3049.0,3049.5,3048.5,3048.75,752
2008-01-02T12:04:00Z,3048.75,3049.25,3047.5,3047.75,534
2008-01-02T12:05:00Z,3047.5,3048.0,3047.0,3047.5,835
2008-01-02T12:06:00Z,3047.25,3047.75,3046.75,3047.5,410
2008-01-02T12:07:00Z,3047.25,3047.75,3045.75,3045.75,796
2008-01-02T12:08:00Z,3045.75,3045.75,3043.0,3043.5,2056
2008-01-02T12:09:00Z,3043.25,3043.5,3041.5,3042.0,1021
2008-01-02T12:10:00Z,3042.0,3043.0,3041.75,3042.0,1028
2008-01-02T12:11:00Z,3042.0,3042.75,3041.5,3042.25,548
2008-01-02T12:12:00Z,3042.25,3043.0,3041.5,3042.75,838
2008-01-02T12:13:00Z,3042.75,3043.75,3041.75,3043.5,1037
2008-01-02T12:14:00Z,3043.25,3043.5,3042.0,3042.5,797
2008-01-02T12:15:00Z,3042.5,3043.0,3041.5,3042.25,833
2008-01-02T12:16:00Z,3042.25,3042.25,3040.75,3040.75,498
2008-01-02T12:17:00Z,3040.75,3040.75,3039.0,3040.5,1186
2008-01-02T12:18:00Z,3040.5,3040.5,3039.75,3040.5,725
2008-01-02T12:19:00Z,3040.5,3041.25,3039.5,3041.25,918
2008-01-02T12:20:00Z,3041.0,3041.25,3039.5,3040.5,994
2008-01-02T12:21:00Z,3040.75,3040.75,3039.0,3040.0,936
2008-01-02T12:22:00Z,3040.25,3040.25,3038.0,3038.0,1324
2008-01-02T12:23:00Z,3037.75,3038.25,3036.25,3037.25,2334
2008-01-02T12:24:00Z,3037.25,3038.0,3036.75,3037.25,1563
2008-01-02T12:25:00Z,3037.5,3038.0,3036.75,3037.5,682
2008-01-02T12:26:00Z,3037.5,3038.25,3037.25,3038.0,408
2008-01-02T12:27:00Z,3038.0,3039.0,3037.75,3038.25,873
2008-01-02T12:28:00Z,3038.25,3038.5,3037.25,3037.25,573
2008-01-02T12:29:00Z,3037.5,3038.0,3037.25,3037.75,327
2008-01-02T12:30:00Z,3037.75,3039.75,3037.25,3039.0,1102
2008-01-02T12:31:00Z,3038.75,3039.5,3037.5,3038.5,1081
2008-01-02T12:32:00Z,3038.5,3038.75,3038.25,3038.25,181
2008-01-02T12:33:00Z,3038.5,3039.25,3038.25,3038.75,411
2008-01-02T12:34:00Z,3039.0,3040.75,3037.5,3040.5,831
2008-01-02T12:35:00Z,3040.25,3041.25,3039.75,3040.0,724
2008-01-02T12:36:00Z,3040.0,3041.25,3040.0,3041.25,706
2008-01-02T12:37:00Z,3041.0,3042.25,3040.75,3042.0,539
2008-01-02T12:38:00Z,3042.25,3043.0,3042.25,3042.75,382
2008-01-02T12:39:00Z,3042.75,3044.0,3042.75,3043.5,520
2008-01-02T12:40:00Z,3043.5,3044.0,3042.5,3042.75,618
2008-01-02T12:41:00Z,3042.75,3043.25,3042.25,3042.5,390
2008-01-02T12:42:00Z,3042.5,3043.0,3042.25,3042.75,390
2008-01-02T12:43:00Z,3042.75,3043.0,3042.75,3042.75,220
2008-01-02T12:44:00Z,3042.75,3043.5,3042.5,3042.5,514
2008-01-02T12:45:00Z,3042.75,3042.75,3041.0,3042.0,757
2008-01-02T12:46:00Z,3042.0,3042.75,3042.0,3042.5,170
2008-01-02T12:47:00Z,3042.5,3042.75,3041.25,3042.75,726
2008-01-02T12:48:00Z,3042.75,3043.25,3042.0,3042.0,474
2008-01-02T12:49:00Z,3042.25,3042.5,3041.75,3042.0,140
2008-01-02T12:50:00Z,3041.75,3041.75,3040.25,3040.25,319
2008-01-02T12:51:00Z,3040.25,3040.25,3038.25,3039.75,1158
2008-01-02T12:52:00Z,3039.75,3041.5,3039.5,3040.75,726
2008-01-02T12:53:00Z,3041.0,3041.25,3040.75,3040.75,127
2008-01-02T12:54:00Z,3041.0,3042.5,3041.0,3042.25,532
2008-01-02T12:55:00Z,3042.25,3043.5,3042.25,3043.0,267
2008-01-02T12:56:00Z,3043.25,3043.25,3042.0,3042.25,193
2008-01-02T12:57:00Z,3042.25,3043.75,3042.0,3043.5,676
2008-01-02T12:58:00Z,3043.5,3044.5,3043.25,3044.25,274
2008-01-02T12:59:00Z,3044.5,3045.5,3043.0,3043.5,812
2008-01-02T13:00:00Z,3043.75,3044.75,3043.5,3044.5,537
2008-01-02T13:01:00Z,3044.25,3044.75,3044.25,3044.5,212
2008-01-02T13:02:00Z,3044.5,3045.75,3044.5,3045.25,423
2008-01-02T13:03:00Z,3045.5,3045.75,3044.25,3044.5,402
2008-01-02T13:04:00Z,3044.5,3044.5,3042.25,3042.5,741
2008-01-02T13:05:00Z,3042.25,3045.25,3042.0,3044.75,1801
2008-01-02T13:06:00Z,3044.75,3044.75,3042.5,3043.25,660
2008-01-02T13:07:00Z,3043.5,3043.5,3041.5,3042.0,308
2008-01-02T13:08:00Z,3042.25,3043.75,3041.5,3041.5,560
2008-01-02T13:09:00Z,3041.5,3041.5,3038.5,3039.0,1549
2008-01-02T13:10:00Z,3039.25,3039.5,3038.25,3038.75,569
2008-01-02T13:11:00Z,3038.75,3040.0,3037.25,3037.75,1412
2008-01-02T13:12:00Z,3037.75,3038.0,3036.75,3037.0,884
2008-01-02T13:13:00Z,3037.0,3038.5,3036.0,3036.25,811
2008-01-02T13:14:00Z,3036.5,3038.5,3036.5,3038.5,626
2008-01-02T13:15:00Z,3038.75,3040.25,3038.5,3040.25,784
2008-01-02T13:16:00Z,3039.75,3041.0,3039.75,3040.75,417
2008-01-02T13:17:00Z,3040.75,3040.75,3039.25,3039.5,536
2008-01-02T13:18:00Z,3039.5,3042.25,3039.5,3042.25,882
2008-01-02T13:19:00Z,3042.0,3043.0,3041.75,3042.0,685
2008-01-02T13:20:00Z,3042.25,3043.0,3041.75,3042.0,690
2008-01-02T13:21:00Z,3042.0,3042.0,3040.75,3041.25,569
2008-01-02T13:22:00Z,3041.25,3041.5,3040.5,3041.25,223
2008-01-02T13:23:00Z,3041.25,3042.75,3041.25,3042.0,554
2008-01-02T13:24:00Z,3042.0,3042.25,3041.0,3041.0,474
2008-01-02T13:25:00Z,3041.0,3041.25,3040.5,3040.75,238
2008-01-02T13:26:00Z,3040.5,3040.5,3038.25,3038.75,783
2008-01-02T13:27:00Z,3038.5,3038.75,3036.25,3037.75,1270
2008-01-02T13:28:00Z,3037.75,3038.5,3036.75,3037.75,426
2008-01-02T13:29:00Z,3037.75,3040.25,3037.5,3039.75,416
2008-01-02T13:30:00Z,3040.0,3040.0,3038.5,3039.25,172
2008-01-02T13:31:00Z,3039.0,3040.5,3038.75,3040.5,358
2008-01-02T13:32:00Z,3040.5,3041.75,3040.0,3041.5,529
2008-01-02T13:33:00Z,3041.75,3043.5,3041.5,3043.0,545
2008-01-02T13:34:00Z,3042.75,3043.25,3041.5,3042.75,826
2008-01-02T13:35:00Z,3042.75,3043.0,3042.0,3043.0,275
2008-01-02T13:36:00Z,3043.0,3044.25,3043.0,3044.25,529
2008-01-02T13:37:00Z,3044.25,3045.25,3044.0,3044.25,644
2008-01-02T13:38:00Z,3044.25,3044.75,3043.75,3044.0,692
2008-01-02T13:39:00Z,3043.75,3044.75,3043.25,3043.5,450
2008-01-02T13:40:00Z,3043.75,3044.0,3042.25,3042.75,710
2008-01-02T13:41:00Z,3042.75,3045.0,3042.75,3045.0,417
2008-01-02T13:42:00Z,3045.0,3045.25,3043.5,3044.25,465
2008-01-02T13:43:00Z,3044.25,3045.0,3044.0,3044.25,344
2008-01-02T13:44:00Z,3044.0,3045.0,3044.0,3044.25,263
2008-01-02T13:45:00Z,3044.5,3046.0,3044.25,3045.75,500
2008-01-02T13:46:00Z,3045.75,3046.75,3045.75,3046.5,491
2008-01-02T13:47:00Z,3046.75,3048.0,3046.25,3047.5,897
2008-01-02T13:48:00Z,3047.75,3048.5,3047.25,3048.0,724
2008-01-02T13:49:00Z,3048.0,3048.5,3047.5,3047.75,552
2008-01-02T13:50:00Z,3047.75,3048.75,3047.75,3048.5,678
2008-01-02T13:51:00Z,3048.5,3048.75,3048.0,3048.25,667
2008-01-02T13:52:00Z,3048.25,3048.5,3047.5,3048.25,443
2008-01-02T13:53:00Z,3048.0,3048.25,3047.75,3048.0,324
2008-01-02T13:54:00Z,3048.0,3048.0,3046.5,3046.75,729
2008-01-02T13:55:00Z,3047.0,3047.0,3046.25,3046.25,311
2008-01-02T13:56:00Z,3046.25,3046.75,3045.75,3046.25,432
2008-01-02T13:57:00Z,3046.25,3047.5,3046.0,3047.0,387
2008-01-02T13:58:00Z,3047.0,3047.0,3046.25,3046.5,793
2008-01-02T13:59:00Z,3046.5,3046.5,3044.5,3045.25,1338
2008-01-02T14:00:00Z,3046.0,3048.5,3045.0,3048.25,1782
2008-01-02T14:01:00Z,3048.25,3050.25,3047.5,3050.0,1595
2008-01-02T14:02:00Z,3050.0,3054.0,3050.0,3053.25,1722
2008-01-02T14:03:00Z,3053.5,3053.75,3050.75,3051.0,807
2008-01-02T14:04:00Z,3051.0,3051.25,3047.75,3048.0,1228
2008-01-02T14:05:00Z,3048.0,3048.75,3046.25,3047.0,1144
2008-01-02T14:06:00Z,3047.0,3050.5,3046.25,3050.25,2369
2008-01-02T14:07:00Z,3050.25,3054.0,3050.0,3052.5,1850
2008-01-02T14:08:00Z,3052.75,3054.75,3052.75,3054.75,828
2008-01-02T14:09:00Z,3054.75,3057.75,3054.25,3057.5,1573
2008-01-02T14:10:00Z,3057.75,3060.0,3057.0,3057.75,2409
2008-01-02T14:11:00Z,3057.75,3058.5,3057.0,3057.5,1120
2008-01-02T14:12:00Z,3057.5,3060.0,3057.5,3059.75,2266
2008-01-02T14:13:00Z,3059.75,3059.75,3058.5,3059.0,646
2008-01-02T14:14:00Z,3059.0,3063.75,3059.0,3063.25,2482
2008-01-02T14:15:00Z,3063.25,3063.5,3062.0,3062.5,1715
2008-01-02T14:16:00Z,3062.25,3062.75,3059.75,3060.0,2001
2008-01-02T14:17:00Z,3060.0,3061.75,3059.25,3061.5,1458
2008-01-02T14:18:00Z,3061.5,3063.75,3060.5,3063.25,1643
2008-01-02T14:19:00Z,3063.25,3063.25,3061.5,3061.75,1078
2008-01-02T14:20:00Z,3062.0,3062.0,3058.75,3059.25,1950
2008-01-02T14:21:00Z,3058.75,3059.5,3058.0,3058.25,744
2008-01-02T14:22:00Z,3058.5,3059.0,3057.0,3058.5,1227
2008-01-02T14:23:00Z,3058.5,3059.25,3055.25,3055.25,1496
2008-01-02T14:24:00Z,3055.25,3056.75,3055.25,3055.75,1173
2008-01-02T14:25:00Z,3055.5,3057.75,3055.0,3057.0,1325
2008-01-02T14:26:00Z,3057.0,3058.0,3055.0,3056.75,1171
2008-01-02T14:27:00Z,3057.0,3057.0,3055.5,3056.75,379
2008-01-02T14:28:00Z,3057.0,3057.25,3055.5,3055.75,588
2008-01-02T14:29:00Z,3055.5,3057.0,3055.25,3056.0,1022
2008-01-02T14:30:00Z,3056.0,3057.0,3055.5,3055.75,604
2008-01-02T14:31:00Z,3055.75,3057.0,3054.75,3056.0,1340
2008-01-02T14:32:00Z,3055.75,3056.75,3055.75,3056.0,790
2008-01-02T14:33:00Z,3056.0,3057.0,3055.75,3056.75,387
2008-01-02T14:34:00Z,3056.75,3057.5,3055.5,3055.5,928
2008-01-02T14:35:00Z,3055.5,3055.75,3052.0,3053.0,1156
2008-01-02T14:36:00Z,3052.75,3054.0,3051.75,3051.75,1566
2008-01-02T14:37:00Z,3051.75,3052.5,3049.75,3050.75,1835
2008-01-02T14:38:00Z,3051.0,3051.25,3049.75,3050.0,626
2008-01-02T14:39:00Z,3049.75,3049.75,3047.25,3047.5,1040
2008-01-02T14:40:00Z,3047.25,3049.0,3047.0,3048.75,791
2008-01-02T14:41:00Z,3048.75,3049.25,3047.75,3048.25,921
2008-01-02T14:42:00Z,3048.5,3049.25,3048.25,3049.0,586
2008-01-02T14:43:00Z,3049.0,3049.5,3046.0,3046.0,1758
2008-01-02T14:44:00Z,3046.0,3046.75,3044.5,3046.25,1545
2008-01-02T14:45:00Z,3046.5,3048.25,3046.25,3047.75,1472
2008-01-02T14:46:00Z,3047.25,3047.5,3044.75,3045.75,1150
2008-01-02T14:47:00Z,3046.0,3047.5,3045.5,3046.75,1087
2008-01-02T14:48:00Z,3047.0,3049.0,3046.5,3048.25,581
2008-01-02T14:49:00Z,3048.5,3049.0,3047.75,3048.0,703
2008-01-02T14:50:00Z,3048.0,3051.25,3048.0,3050.25,1355
2008-01-02T14:51:00Z,3050.5,3051.5,3050.25,3050.25,744
2008-01-02T14:52:00Z,3050.25,3050.75,3050.0,3050.0,211
2008-01-02T14:53:00Z,3050.0,3050.0,3047.25,3047.75,911
2008-01-02T14:54:00Z,3047.75,3049.25,3047.25,3049.0,356
2008-01-02T14:55:00Z,3049.0,3049.0,3047.0,3047.25,964
2008-01-02T14:56:00Z,3047.25,3047.5,3045.5,3045.75,1425
2008-01-02T14:57:00Z,3045.75,3046.0,3043.5,3043.75,985
2008-01-02T14:58:00Z,3043.75,3045.25,3043.75,3044.5,639
2008-01-02T14:59:00Z,3044.5,3044.75,3041.25,3041.75,1250
2008-01-02T15:00:00Z,3041.75,3042.25,3040.5,3040.75,1353
2008-01-02T15:01:00Z,3040.75,3042.5,3040.25,3042.0,1022
2008-01-02T15:02:00Z,3042.25,3042.75,3041.75,3042.0,774
2008-01-02T15:03:00Z,3041.75,3042.5,3039.75,3042.5,1309
2008-01-02T15:04:00Z,3042.5,3044.25,3040.75,3040.75,1151
2008-01-02T15:05:00Z,3041.0,3043.5,3040.75,3042.5,1057
2008-01-02T15:06:00Z,3042.5,3042.5,3038.5,3039.0,2053
2008-01-02T15:07:00Z,3038.75,3040.25,3038.0,3038.75,1575
2008-01-02T15:08:00Z,3038.5,3039.0,3037.75,3038.25,1200
2008-01-02T15:09:00Z,3038.0,3039.25,3037.25,3038.25,940
2008-01-02T15:10:00Z,3038.25,3039.25,3037.5,3038.75,1260
2008-01-02T15:11:00Z,3038.75,3042.0,3038.5,3042.0,1390
2008-01-02T15:12:00Z,3042.0,3042.0,3040.5,3041.25,756
2008-01-02T15:13:00Z,3041.0,3042.0,3040.75,3042.0,460
2008-01-02T15:14:00Z,3041.75,3042.25,3040.5,3040.5,577
2008-01-02T15:15:00Z,3040.5,3041.25,3040.0,3040.5,716
2008-01-02T15:16:00Z,3040.5,3040.75,3038.25,3039.25,1079
2008-01-02T15:17:00Z,3039.0,3040.25,3038.25,3039.0,780
2008-01-02T15:18:00Z,3039.25,3040.25,3038.5,3040.25,267
2008-01-02T15:19:00Z,3040.25,3040.25,3038.5,3038.5,410
2008-01-02T15:20:00Z,3038.75,3039.5,3037.0,3038.5,1012
2008-01-02T15:21:00Z,3038.5,3041.0,3038.5,3041.0,433
2008-01-02T15:22:00Z,3041.0,3041.0,3039.5,3041.0,428
2008-01-02T15:23:00Z,3041.0,3042.75,3040.5,3042.5,383
2008-01-02T15:24:00Z,3042.5,3043.5,3042.0,3042.75,1218
2008-01-02T15:25:00Z,3042.75,3042.75,3041.5,3042.0,828
2008-01-02T15:26:00Z,3042.25,3042.25,3040.5,3040.75,594
2008-01-02T15:27:00Z,3040.75,3042.25,3040.5,3041.5,704
2008-01-02T15:28:00Z,3041.5,3043.25,3041.0,3041.0,1258
2008-01-02T15:29:00Z,3041.0,3041.25,3039.0,3039.75,824
2008-01-02T15:30:00Z,3039.5,3040.25,3038.25,3040.0,778
2008-01-02T15:31:00Z,3039.75,3041.5,3039.75,3041.5,360
2008-01-02T15:32:00Z,3041.25,3041.75,3040.75,3041.75,145
2008-01-02T15:33:00Z,3042.0,3043.5,3041.75,3042.0,688
2008-01-02T15:34:00Z,3042.0,3043.5,3042.0,3043.5,715
2008-01-02T15:35:00Z,3043.75,3045.0,3042.5,3043.75,1733
2008-01-02T15:36:00Z,3043.5,3044.5,3043.25,3044.5,665
2008-01-02T15:37:00Z,3044.25,3046.25,3044.25,3045.5,1576
2008-01-02T15:38:00Z,3045.75,3045.75,3044.25,3045.0,732
2008-01-02T15:39:00Z,3045.0,3045.25,3044.5,3044.5,254
2008-01-02T15:40:00Z,3044.5,3045.25,3043.0,3043.75,571
2008-01-02T15:41:00Z,3043.75,3045.75,3043.5,3044.75,839
2008-01-02T15:42:00Z,3044.5,3046.5,3044.5,3046.5,625
2008-01-02T15:43:00Z,3046.5,3049.0,3046.25,3047.75,1428
2008-01-02T15:44:00Z,3048.0,3049.25,3046.5,3046.75,1626
2008-01-02T15:45:00Z,3046.5,3047.0,3046.0,3046.75,325
2008-01-02T15:46:00Z,3046.5,3046.75,3043.75,3045.0,829
2008-01-02T15:47:00Z,3045.0,3046.25,3044.75,3046.25,1025
2008-01-02T15:48:00Z,3046.0,3046.5,3043.5,3043.75,718
2008-01-02T15:49:00Z,3043.75,3043.75,3042.75,3043.75,1113
2008-01-02T15:50:00Z,3043.5,3043.5,3042.25,3042.5,870
2008-01-02T15:51:00Z,3042.75,3044.75,3042.5,3044.75,598
2008-01-02T15:52:00Z,3044.75,3046.25,3044.0,3046.25,1234
2008-01-02T15:53:00Z,3046.0,3047.75,3045.75,3047.5,1771
2008-01-02T15:54:00Z,3047.5,3048.25,3047.0,3047.25,1247
2008-01-02T15:55:00Z,3047.25,3049.0,3047.25,3048.0,837
2008-01-02T15:56:00Z,3047.75,3048.25,3047.0,3047.25,746
2008-01-02T15:57:00Z,3047.25,3047.5,3046.0,3046.5,1473
2008-01-02T15:58:00Z,3046.5,3047.5,3046.5,3047.0,1327
2008-01-02T15:59:00Z,3047.0,3047.5,3046.75,3047.5,1726
2008-01-02T16:00:00Z,3047.25,3048.25,3045.75,3046.5,2933
2008-01-02T16:01:00Z,3046.25,3046.75,3045.25,3046.5,654
2008-01-02T16:02:00Z,3046.5,3047.75,3046.25,3047.5,894
2008-01-02T16:03:00Z,3047.5,3047.5,3046.5,3047.0,330
2008-01-02T16:04:00Z,3046.75,3048.0,3046.75,3047.5,322
2008-01-02T16:05:00Z,3047.75,3048.25,3047.25,3047.5,342
2008-01-02T16:06:00Z,3047.5,3049.25,3047.5,3049.0,397
2008-01-02T16:07:00Z,3049.0,3049.0,3047.75,3048.25,448
2008-01-02T16:08:00Z,3048.25,3048.75,3048.0,3048.75,420
2008-01-02T16:09:00Z,3049.0,3050.0,3048.5,3049.75,367
2008-01-02T16:10:00Z,3049.5,3051.25,3049.25,3050.75,921
2008-01-02T16:11:00Z,3051.0,3051.0,3050.5,3051.0,277
2008-01-02T16:12:00Z,3051.0,3051.0,3050.5,3051.0,441
2008-01-02T16:13:00Z,3051.0,3051.0,3049.25,3049.5,405
2008-01-02T16:14:00Z,3049.75,3051.0,3048.5,3051.0,1161
2008-01-02T16:30:00Z,3050.75,3050.75,3049.5,3049.75,35
2008-01-02T16:31:00Z,3049.5,3049.75,3049.25,3049.75,37
2008-01-02T16:32:00Z,3049.75,3050.0,3049.75,3050.0,6
2008-01-02T16:33:00Z,3049.75,3049.75,3049.75,3049.75,4
2008-01-02T16:34:00Z,3050.0,3050.0,3049.75,3049.75,10
2008-01-02T16:35:00Z,3049.75,3050.25,3049.75,3050.25,8
2008-01-02T16:36:00Z,3050.0,3050.25,3050.0,3050.25,9
2008-01-02T16:37:00Z,3050.25,3050.25,3050.25,3050.25,22
2008-01-02T16:38:00Z,3050.0,3050.5,3050.0,3050.5,3
2008-01-02T16:39:00Z,3050.5,3050.75,3050.5,3050.75,10
2008-01-02T16:40:00Z,3050.25,3051.0,3050.25,3051.0,17
2008-01-02T16:41:00Z,3051.0,3052.25,3051.0,3052.25,57
2008-01-02T16:42:00Z,3052.5,3052.5,3052.5,3052.5,5
2008-01-02T16:43:00Z,3052.0,3052.0,3051.25,3051.25,3
2008-01-02T16:44:00Z,3051.25,3051.5,3051.25,3051.5,6
2008-01-02T16:45:00Z,3051.75,3054.0,3051.75,3051.75,180
2008-01-02T16:46:00Z,3052.25,3053.0,3052.0,3052.0,9
2008-01-02T16:47:00Z,3052.25,3052.5,3052.0,3052.0,36
2008-01-02T16:48:00Z,3052.25,3052.25,3051.75,3051.75,5
2008-01-02T16:51:00Z,3052.0,3052.0,3052.0,3052.0,1
2008-01-02T16:52:00Z,3051.75,3051.75,3051.5,3051.5,3
2008-01-02T16:53:00Z,3051.5,3051.75,3051.5,3051.75,4
2008-01-02T16:54:00Z,3051.75,3052.0,3051.75,3052.0,2
2008-01-02T16:55:00Z,3052.0,3052.0,3051.5,3051.5,3
2008-01-02T16:56:00Z,3051.5,3051.5,3051.0,3051.0,4
2008-01-02T16:57:00Z,3050.75,3051.0,3050.5,3051.0,26
2008-01-02T16:58:00Z,3051.0,3051.0,3051.0,3051.0,2
2008-01-02T16:59:00Z,3050.5,3050.5,3050.5,3050.5,4
2008-01-02T17:00:00Z,3051.25,3051.25,3051.25,3051.25,1
2008-01-02T17:01:00Z,3051.0,3051.5,3051.0,3051.5,6
2008-01-02T17:06:00Z,3051.25,3051.25,3051.25,3051.25,1
2008-01-02T17:07:00Z,3051.75,3051.75,3051.75,3051.75,6
2008-01-02T17:09:00Z,3051.75,3051.75,3051.75,3051.75,3
2008-01-02T17:10:00Z,3051.75,3051.75,3051.75,3051.75,1
2008-01-02T17:12:00Z,3051.75,3052.5,3051.75,3052.25,73
2008-01-02T17:13:00Z,3052.25,3052.5,3052.25,3052.5,5
2008-01-02T17:19:00Z,3052.5,3052.5,3052.5,3052.5,2
2008-01-02T17:24:00Z,3052.0,3052.25,3052.0,3052.25,7
2008-01-02T17:25:00Z,3052.25,3052.5,3052.25,3052.5,4
2008-01-02T17:26:00Z,3053.0,3053.25,3053.0,3053.0,46
2008-01-02T17:27:00Z,3053.25,3053.25,3053.25,3053.25,7
2008-01-02T17:29:00Z,3053.0,3053.25,3053.0,3053.25,2
2008-01-02T18:00:00Z,3052.5,3052.5,3052.5,3052.5,1
2008-01-02T18:02:00Z,3053.0,3053.0,3053.0,3053.0,1
2008-01-02T18:04:00Z,3053.0,3053.0,3053.0,3053.0,2
2008-01-02T18:07:00Z,3053.25,3053.5,3053.25,3053.5,12
2008-01-02T18:08:00Z,3053.25,3054.75,3053.25,3053.75,48
2008-01-02T18:09:00Z,3053.75,3053.75,3053.75,3053.75,2
2008-01-02T18:10:00Z,3054.5,3054.75,3054.5,3054.75,17
2008-01-02T18:12:00Z,3054.5,3054.5,3054.25,3054.25,4
2008-01-02T18:13:00Z,3054.5,3054.5,3054.5,3054.5,1
2008-01-02T18:14:00Z,3054.5,3054.5,3054.25,3054.25,5
2008-01-02T18:15:00Z,3054.0,3054.0,3054.0,3054.0,3
2008-01-02T18:16:00Z,3054.0,3054.0,3054.0,3054.0,3
2008-01-02T18:20:00Z,3054.0,3054.5,3054.0,3054.5,2
2008-01-02T18:21:00Z,3054.25,3054.5,3054.25,3054.5,2
2008-01-02T18:25:00Z,3054.5,3054.5,3054.5,3054.5,1
2008-01-02T18:28:00Z,3054.0,3054.0,3054.0,3054.0,1
2008-01-02T18:29:00Z,3054.0,3054.0,3054.0,3054.0,2
2008-01-02T18:30:00Z,3054.5,3054.5,3054.5,3054.5,5
2008-01-02T18:38:00Z,3053.5,3053.5,3053.5,3053.5,1
2008-01-02T18:44:00Z,3054.0,3054.0,3054.0,3054.0,6
2008-01-02T18:46:00Z,3054.0,3054.0,3054.0,3054.0,5
2008-01-02T18:47:00Z,3054.0,3054.0,3053.5,3053.5,4
2008-01-02T18:48:00Z,3053.5,3053.5,3053.5,3053.5,9
2008-01-02T18:49:00Z,3053.25,3053.25,3053.0,3053.0,5
2008-01-02T18:51:00Z,3053.75,3053.75,3053.0,3053.0,6
2008-01-02T18:54:00Z,3053.5,3053.5,3053.5,3053.5,21
2008-01-02T18:56:00Z,3053.5,3053.5,3053.25,3053.25,21
2008-01-02T19:00:00Z,3053.0,3053.0,3053.0,3053.0,6
2008-01-02T19:02:00Z,3052.75,3052.75,3052.75,3052.75,2
2008-01-02T19:03:00Z,3052.5,3052.5,3052.5,3052.5,4
2008-01-02T19:04:00Z,3052.5,3052.5,3052.5,3052.5,1
2008-01-02T19:08:00Z,3052.25,3052.25,3052.25,3052.25,1
2008-01-02T19:09:00Z,3052.0,3052.0,3052.0,3052.0,1
2008-01-02T19:12:00Z,3053.25,3053.25,3053.25,3053.25,5
2008-01-02T19:16:00Z,3053.5,3053.5,3053.5,3053.5,4
2008-01-02T19:17:00Z,3053.5,3053.5,3053.5,3053.5,1
2008-01-02T19:18:00Z,3052.75,3052.75,3052.75,3052.75,2
2008-01-02T19:27:00Z,3053.25,3053.25,3053.25,3053.25,4
2008-01-02T19:28:00Z,3053.0,3053.0,3052.75,3052.75,2
2008-01-02T19:29:00Z,3052.75,3052.75,3052.75,3052.75,2
2008-01-02T19:30:00Z,3053.75,3053.75,3053.75,3053.75,2
2008-01-02T19:31:00Z,3053.75,3053.75,3053.75,3053.75,3
2008-01-02T19:36:00Z,3053.75,3054.5,3053.75,3054.5,6
2008-01-02T19:37:00Z,3053.0,3053.0,3053.0,3053.0,11
2008-01-02T19:38:00Z,3054.25,3054.25,3054.25,3054.25,1
2008-01-02T19:45:00Z,3054.0,3054.0,3054.0,3054.0,4
2008-01-02T19:47:00Z,3053.25,3053.25,3053.25,3053.25,1
2008-01-02T19:48:00Z,3053.5,3053.5,3053.5,3053.5,1
2008-01-02T19:49:00Z,3054.0,3054.0,3054.0,3054.0,2
2008-01-02T19:54:00Z,3053.75,3053.75,3053.75,3053.75,3
2008-01-02T19:57:00Z,3054.25,3054.25,3054.25,3054.25,1
2008-01-02T19:58:00Z,3054.5,3054.5,3054.5,3054.5,1
2008-01-02T19:59:00Z,3054.0,3054.0,3054.0,3054.0,2
2008-01-02T20:03:00Z,3055.0,3055.0,3055.0,3055.0,1
2008-01-02T20:04:00Z,3054.5,3054.5,3054.5,3054.5,2
2008-01-02T20:10:00Z,3055.25,3055.25,3055.25,3055.25,2
2008-01-02T20:11:00Z,3055.25,3055.25,3055.25,3055.25,1
2008-01-02T20:12:00Z,3055.25,3055.25,3055.25,3055.25,1
2008-01-02T20:13:00Z,3054.75,3054.75,3054.75,3054.75,1
2008-01-02T20:15:00Z,3054.75,3054.75,3054.75,3054.75,1
2008-01-02T20:25:00Z,3054.25,3054.25,3054.25,3054.25,3
2008-01-02T20:29:00Z,3054.0,3054.0,3054.0,3054.0,6
2008-01-02T20:30:00Z,3053.75,3053.75,3053.75,3053.75,2
2008-01-02T20:34:00Z,3053.25,3053.25,3052.75,3052.75,2
2008-01-02T20:35:00Z,3053.75,3054.0,3053.75,3054.0,2
2008-01-02T20:42:00Z,3054.5,3054.5,3054.5,3054.5,1
2008-01-02T20:52:00Z,3054.0,3054.0,3054.0,3054.0,1
2008-01-02T21:00:00Z,3054.25,3054.25,3054.25,3054.25,1
2008-01-02T21:01:00Z,3054.0,3054.0,3054.0,3054.0,1
2008-01-02T21:04:00Z,3054.0,3054.0,3054.0,3054.0,1
2008-01-02T21:08:00Z,3054.5,3054.5,3054.5,3054.5,2
2008-01-02T21:09:00Z,3053.5,3053.5,3053.5,3053.5,1
2008-01-02T21:22:00Z,3053.75,3053.75,3053.75,3053.75,1
2008-01-02T21:33:00Z,3054.0,3054.0,3053.5,3053.5,10
2008-01-02T21:34:00Z,3053.5,3053.5,3053.5,3053.5,4
2008-01-02T21:35:00Z,3053.5,3053.5,3053.5,3053.5,4
2008-01-02T21:36:00Z,3053.5,3053.5,3053.5,3053.5,1
2008-01-02T21:47:00Z,3054.25,3054.25,3054.25,3054.25,1
2008-01-02T21:54:00Z,3055.5,3055.5,3055.5,3055.5,1
2008-01-02T21:55:00Z,3055.5,3055.5,3055.5,3055.5,1
2008-01-02T22:06:00Z,3055.25,3055.5,3055.25,3055.5,2
2008-01-02T22:08:00Z,3054.75,3054.75,3054.75,3054.75,1
2008-01-02T22:09:00Z,3054.5,3055.5,3054.5,3055.5,3
2008-01-02T22:15:00Z,3055.75,3056.25,3055.75,3056.25,4
2008-01-02T22:18:00Z,3055.75,3055.75,3055.75,3055.75,1
2008-01-02T22:19:00Z,3055.25,3055.25,3055.25,3055.25,2
2008-01-02T22:23:00Z,3055.25,3055.25,3055.25,3055.25,1
2008-01-02T22:24:00Z,3055.25,3055.25,3055.25,3055.25,7
2008-01-02T22:26:00Z,3055.25,3055.25,3055.25,3055.25,1
2008-01-02T22:28:00Z,3055.0,3055.0,3055.0,3055.0,2
2008-01-02T22:33:00Z,3055.0,3055.0,3055.0,3055.0,1
2008-01-02T22:35:00Z,3055.5,3055.5,3055.5,3055.5,1
2008-01-02T22:42:00Z,3054.75,3054.75,3054.75,3054.75,1
2008-01-02T22:44:00Z,3054.75,3054.75,3054.75,3054.75,1
2008-01-02T22:49:00Z,3055.0,3055.0,3055.0,3055.0,1
2008-01-02T22:55:00Z,3054.75,3054.75,3054.25,3054.5,9
2008-01-02T22:57:00Z,3055.0,3055.5,3055.0,3055.5,2
2008-01-02T22:58:00Z,3056.0,3056.0,3056.0,3056.0,1
2008-01-02T23:22:00Z,3055.5,3055.5,3055.5,3055.5,5
2008-01-02T23:26:00Z,3055.75,3055.75,3055.75,3055.75,5
2008-01-02T23:27:00Z,3056.0,3056.0,3056.0,3056.0,1
2008-01-02T23:36:00Z,3055.5,3055.5,3055.5,3055.5,3
2008-01-02T23:38:00Z,3055.5,3055.5,3055.5,3055.5,7
2008-01-02T23:39:00Z,3055.75,3055.75,3055.75,3055.75,11
2008-01-02T23:42:00Z,3055.75,3055.75,3055.5,3055.5,5
2008-01-02T23:44:00Z,3055.5,3055.5,3055.5,3055.5,1
2008-01-02T23:48:00Z,3055.75,3056.0,3055.75,3056.0,11
2008-01-02T23:50:00Z,3056.25,3056.25,3056.25,3056.25,1
2008-01-02T23:53:00Z,3055.25,3055.25,3055.25,3055.25,1
2008-01-02T23:54:00Z,3056.25,3056.25,3056.25,3056.25,1
2008-01-02T23:57:00Z,3056.25,3056.25,3056.25,3056.25,7
2008-01-02T23:58:00Z,3055.75,3055.75,3055.75,3055.75,1
2008-01-03T00:09:00Z,3056.0,3056.75,3056.0,3056.75,7
2008-01-03T00:10:00Z,3056.75,3056.75,3056.75,3056.75,5
2008-01-03T00:11:00Z,3057.0,3057.0,3057.0,3057.0,4
2008-01-03T00:15:00Z,3056.5,3056.5,3056.5,3056.5,1
2008-01-03T00:16:00Z,3056.25,3056.25,3056.25,3056.25,1
2008-01-03T00:17:00Z,3056.25,3056.25,3056.25,3056.25,2
2008-01-03T00:18:00Z,3055.75,3056.0,3055.5,3056.0,22
2008-01-03T00:20:00Z,3056.5,3056.5,3056.5,3056.5,6
2008-01-03T00:21:00Z,3056.0,3056.0,3056.0,3056.0,2
2008-01-03T00:24:00Z,3055.75,3055.75,3055.75,3055.75,1
2008-01-03T00:25:00Z,3055.75,3056.75,3055.75,3056.75,3
2008-01-03T00:31:00Z,3056.25,3056.25,3056.25,3056.25,17
2008-01-03T00:33:00Z,3057.0,3057.25,3057.0,3057.25,22
2008-01-03T00:37:00Z,3056.5,3056.5,3056.5,3056.5,1
2008-01-03T00:43:00Z,3057.0,3057.0,3057.0,3057.0,1
2008-01-03T00:46:00Z,3056.75,3056.75,3056.75,3056.75,1
2008-01-03T00:47:00Z,3056.5,3056.5,3056.5,3056.5,3
2008-01-03T00:52:00Z,3056.75,3056.75,3056.75,3056.75,1
2008-01-03T00:58:00Z,3056.5,3056.5,3056.5,3056.5,2
2008-01-03T01:07:00Z,3056.75,3056.75,3056.75,3056.75,1
2008-01-03T01:08:00Z,3057.5,3057.5,3057.5,3057.5,5
2008-01-03T01:09:00Z,3056.5,3056.5,3056.5,3056.5,3
2008-01-03T01:10:00Z,3056.5,3056.5,3056.5,3056.5,1
2008-01-03T01:19:00Z,3057.25,3057.5,3057.25,3057.5,3
2008-01-03T01:26:00Z,3057.25,3057.25,3056.75,3056.75,7
2008-01-03T01:28:00Z,3057.25,3057.25,3057.25,3057.25,6
2008-01-03T01:43:00Z,3057.5,3057.75,3057.5,3057.75,5
2008-01-03T01:44:00Z,3057.75,3057.75,3057.75,3057.75,10
2008-01-03T01:45:00Z,3057.75,3057.75,3057.75,3057.75,3
2008-01-03T01:46:00Z,3057.75,3058.5,3057.75,3058.5,12
2008-01-03T01:47:00Z,3058.0,3058.0,3058.0,3058.0,1
2008-01-03T01:52:00Z,3057.75,3057.75,3057.0,3057.0,11
2008-01-03T01:54:00Z,3057.0,3057.0,3057.0,3057.0,1
2008-01-03T01:57:00Z,3057.5,3057.5,3057.5,3057.5,5
2008-01-03T01:59:00Z,3056.75,3056.75,3056.75,3056.75,1
2008-01-03T02:01:00Z,3057.25,3057.25,3054.75,3055.25,51
2008-01-03T02:02:00Z,3055.0,3055.0,3055.0,3055.0,1
2008-01-03T02:06:00Z,3056.0,3056.0,3056.0,3056.0,1
2008-01-03T02:08:00Z,3056.0,3056.0,3055.75,3055.75,4
2008-01-03T02:09:00Z,3055.5,3055.5,3055.5,3055.5,3
2008-01-03T02:10:00Z,3055.0,3055.0,3054.5,3054.5,13
2008-01-03T02:11:00Z,3054.75,3054.75,3054.75,3054.75,3
2008-01-03T02:13:00Z,3054.75,3054.75,3054.75,3054.75,7
2008-01-03T02:14:00Z,3054.5,3054.5,3054.5,3054.5,2
2008-01-03T02:19:00Z,3055.0,3055.0,3055.0,3055.0,3
2008-01-03T02:20:00Z,3055.0,3055.0,3055.0,3055.0,2
2008-01-03T02:21:00Z,3054.75,3054.75,3053.75,3053.75,29
2008-01-03T02:22:00Z,3053.5,3053.5,3053.25,3053.25,32
2008-01-03T02:23:00Z,3053.25,3053.25,3053.25,3053.25,13
2008-01-03T02:24:00Z,3053.5,3053.5,3053.5,3053.5,16
2008-01-03T02:25:00Z,3053.5,3053.5,3053.5,3053.5,9
2008-01-03T02:27:00Z,3053.5,3053.5,3053.5,3053.5,1
2008-01-03T02:30:00Z,3054.0,3054.0,3054.0,3054.0,1
2008-01-03T02:34:00Z,3053.75,3053.75,3053.75,3053.75,2
2008-01-03T02:36:00Z,3054.0,3054.0,3054.0,3054.0,1
2008-01-03T02:38:00Z,3054.25,3054.25,3054.25,3054.25,2
2008-01-03T02:39:00Z,3054.5,3055.0,3054.5,3055.0,9
2008-01-03T02:40:00Z,3053.75,3053.75,3053.75,3053.75,1
2008-01-03T02:41:00Z,3054.75,3055.0,3054.75,3055.0,6
2008-01-03T02:44:00Z,3054.5,3054.5,3053.75,3053.75,16
2008-01-03T02:45:00Z,3053.5,3053.5,3053.25,3053.25,9
2008-01-03T02:47:00Z,3053.5,3053.5,3053.0,3053.25,10
2008-01-03T02:48:00Z,3053.25,3053.25,3053.25,3053.25,1
2008-01-03T02:49:00Z,3053.5,3053.5,3053.0,3053.0,2
2008-01-03T02:53:00Z,3053.5,3053.5,3053.5,3053.5,3
2008-01-03T02:55:00Z,3053.25,3053.25,3053.0,3053.0,4
2008-01-03T02:56:00Z,3052.75,3052.75,3052.75,3052.75,5
2008-01-03T02:57:00Z,3053.0,3053.0,3052.5,3052.5,5
2008-01-03T02:59:00Z,3053.5,3053.75,3053.5,3053.75,2
2008-01-03T03:00:00Z,3054.25,3054.25,3053.25,3053.5,37
2008-01-03T03:01:00Z,3053.5,3053.5,3052.5,3052.75,59
2008-01-03T03:02:00Z,3052.75,3052.75,3051.5,3052.25,129
2008-01-03T03:03:00Z,3052.25,3052.5,3051.5,3052.5,21
2008-01-03T03:04:00Z,3052.75,3052.75,3052.25,3052.5,16
2008-01-03T03:05:00Z,3052.5,3052.5,3052.5,3052.5,1
2008-01-03T03:06:00Z,3053.75,3053.75,3053.75,3053.75,5
2008-01-03T03:07:00Z,3053.5,3053.5,3053.0,3053.0,6
2008-01-03T03:08:00Z,3053.0,3053.25,3053.0,3053.25,2
2008-01-03T03:09:00Z,3053.25,3053.75,3053.25,3053.5,34
2008-01-03T03:10:00Z,3053.25,3054.0,3053.25,3053.75,38
2008-01-03T03:11:00Z,3053.5,3053.75,3053.5,3053.75,7
2008-01-03T03:12:00Z,3054.25,3054.5,3054.0,3054.25,7
2008-01-03T03:13:00Z,3054.0,3055.0,3054.0,3055.0,164
2008-01-03T03:14:00Z,3054.75,3055.5,3054.75,3055.5,22
2008-01-03T03:15:00Z,3055.5,3056.5,3055.5,3056.5,66
2008-01-03T03:16:00Z,3055.75,3056.5,3055.75,3055.75,67
2008-01-03T03:17:00Z,3055.75,3055.75,3055.25,3055.25,7
2008-01-03T03:18:00Z,3055.25,3055.25,3055.25,3055.25,2
2008-01-03T03:19:00Z,3054.75,3054.75,3054.25,3054.25,12
2008-01-03T03:20:00Z,3054.0,3055.0,3054.0,3055.0,18
2008-01-03T03:21:00Z,3055.25,3056.0,3055.0,3055.75,28
2008-01-03T03:22:00Z,3056.0,3056.25,3055.25,3055.25,19
2008-01-03T03:23:00Z,3055.75,3055.75,3055.5,3055.5,5
2008-01-03T03:24:00Z,3056.0,3056.0,3056.0,3056.0,1
2008-01-03T03:25:00Z,3055.75,3055.75,3055.75,3055.75,1
2008-01-03T03:26:00Z,3056.0,3056.0,3055.25,3055.25,19
2008-01-03T03:27:00Z,3055.0,3055.0,3055.0,3055.0,7
2008-01-03T03:28:00Z,3055.0,3056.0,3055.0,3056.0,10
2008-01-03T03:29:00Z,3056.25,3056.25,3055.5,3055.5,47
2008-01-03T03:31:00Z,3055.75,3056.25,3055.5,3055.5,41
2008-01-03T03:32:00Z,3055.5,3055.75,3055.5,3055.75,7
2008-01-03T03:33:00Z,3055.25,3055.75,3055.25,3055.5,28
2008-01-03T03:35:00Z,3055.0,3055.0,3054.5,3054.5,4
2008-01-03T03:36:00Z,3054.5,3054.75,3054.25,3054.5,11
2008-01-03T03:37:00Z,3054.5,3054.5,3054.0,3054.0,18
2008-01-03T03:38:00Z,3054.25,3054.25,3053.75,3053.75,10
2008-01-03T03:39:00Z,3053.75,3053.75,3053.5,3053.75,20
2008-01-03T03:40:00Z,3053.5,3053.5,3052.25,3053.0,83
2008-01-03T03:41:00Z,3052.75,3053.25,3052.5,3052.5,6
2008-01-03T03:42:00Z,3052.5,3052.5,3051.5,3051.75,40
2008-01-03T03:43:00Z,3052.25,3053.25,3052.25,3052.75,23
2008-01-03T03:44:00Z,3053.0,3053.0,3052.0,3052.5,19
2008-01-03T03:46:00Z,3052.25,3052.25,3051.5,3052.0,9
2008-01-03T03:47:00Z,3052.25,3052.25,3051.75,3052.0,10
2008-01-03T03:48:00Z,3052.25,3052.5,3052.25,3052.5,4
2008-01-03T03:49:00Z,3052.5,3052.5,3052.0,3052.0,7
2008-01-03T03:50:00Z,3052.5,3052.5,3052.25,3052.5,20
2008-01-03T03:51:00Z,3052.0,3053.25,3052.0,3053.25,4
2008-01-03T03:52:00Z,3053.5,3053.5,3053.5,3053.5,3
2008-01-03T03:53:00Z,3052.75,3052.75,3052.5,3052.5,2
2008-01-03T03:54:00Z,3053.0,3053.0,3051.5,3051.5,20
2008-01-03T03:55:00Z,3052.0,3053.25,3051.5,3051.75,20
2008-01-03T03:56:00Z,3051.5,3052.0,3051.5,3051.75,4
2008-01-03T03:57:00Z,3051.5,3051.5,3050.75,3050.75,17
2008-01-03T03:58:00Z,3050.5,3050.75,3050.25,3050.25,29
2008-01-03T03:59:00Z,3050.5,3051.5,3050.5,3051.5,13
2008-01-03T04:00:00Z,3051.5,3052.5,3050.75,3051.0,49
2008-01-03T04:01:00Z,3051.0,3051.25,3050.25,3050.5,36
2008-01-03T04:02:00Z,3050.25,3051.5,3050.25,3051.5,21
2008-01-03T04:03:00Z,3051.75,3051.75,3050.0,3050.25,40
2008-01-03T04:05:00Z,3050.75,3051.0,3049.75,3049.75,62
2008-01-03T04:06:00Z,3049.75,3049.75,3048.25,3048.5,92
2008-01-03T04:07:00Z,3048.5,3049.0,3048.5,3048.75,12
2008-01-03T04:08:00Z,3049.0,3049.5,3049.0,3049.25,12
2008-01-03T04:09:00Z,3049.0,3049.0,3048.25,3048.25,27
2008-01-03T04:10:00Z,3048.0,3049.75,3047.75,3049.25,81
2008-01-03T04:11:00Z,3049.0,3049.75,3048.5,3048.5,26
2008-01-03T04:12:00Z,3048.5,3049.5,3048.25,3049.25,60
2008-01-03T04:13:00Z,3049.25,3049.5,3048.25,3048.25,38
2008-01-03T04:14:00Z,3048.25,3049.0,3048.25,3048.5,34
2008-01-03T04:15:00Z,3049.0,3049.0,3048.75,3048.75,28
2008-01-03T04:16:00Z,3049.0,3049.5,3049.0,3049.5,15
2008-01-03T04:17:00Z,3050.25,3050.25,3049.25,3049.25,67
2008-01-03T04:18:00Z,3049.75,3049.75,3049.5,3049.5,5
2008-01-03T04:19:00Z,3049.75,3050.25,3049.75,3050.25,6
2008-01-03T04:20:00Z,3049.75,3050.0,3049.75,3050.0,15
2008-01-03T04:22:00Z,3049.75,3049.75,3049.5,3049.5,4
2008-01-03T04:23:00Z,3049.5,3050.25,3049.5,3049.5,45
2008-01-03T04:24:00Z,3049.75,3049.75,3049.75,3049.75,17
2008-01-03T04:25:00Z,3049.5,3049.75,3049.5,3049.75,20
2008-01-03T04:26:00Z,3050.0,3050.0,3049.75,3049.75,6
2008-01-03T04:27:00Z,3049.75,3049.75,3049.75,3049.75,2
2008-01-03T04:28:00Z,3049.5,3049.75,3049.25,3049.25,15
2008-01-03T04:29:00Z,3049.5,3049.5,3048.75,3049.25,51
2008-01-03T04:30:00Z,3049.0,3049.0,3049.0,3049.0,2
2008-01-03T04:31:00Z,3048.75,3049.5,3048.75,3049.5,22
2008-01-03T04:33:00Z,3049.75,3049.75,3049.75,3049.75,3
2008-01-03T04:34:00Z,3049.5,3051.0,3049.5,3050.5,16
2008-01-03T04:35:00Z,3050.0,3050.0,3049.0,3049.0,19
2008-01-03T04:36:00Z,3049.5,3049.5,3048.75,3049.25,33
2008-01-03T04:37:00Z,3049.5,3049.5,3049.25,3049.25,3
2008-01-03T04:38:00Z,3049.25,3050.0,3049.25,3050.0,14
2008-01-03T04:46:00Z,3048.5,3048.5,3048.5,3048.5,2
2008-01-03T04:47:00Z,3048.5,3048.75,3047.25,3047.25,62
2008-01-03T04:48:00Z,3047.75,3048.25,3047.5,3047.5,43
2008-01-03T04:49:00Z,3047.75,3047.75,3047.25,3047.75,32
2008-01-03T04:50:00Z,3047.5,3047.5,3047.5,3047.5,7
2008-01-03T04:51:00Z,3047.5,3047.5,3046.5,3046.5,34
2008-01-03T04:52:00Z,3046.25,3046.5,3046.25,3046.5,14
2008-01-03T04:53:00Z,3046.25,3046.25,3046.0,3046.0,21
2008-01-03T04:54:00Z,3046.0,3047.5,3046.0,3047.5,22
2008-01-03T04:55:00Z,3048.0,3048.0,3048.0,3048.0,5
2008-01-03T04:56:00Z,3047.75,3048.25,3047.75,3048.25,5
2008-01-03T04:57:00Z,3048.25,3048.25,3047.75,3048.0,10
2008-01-03T04:58:00Z,3047.75,3047.75,3046.75,3046.75,9
2008-01-03T04:59:00Z,3046.75,3047.0,3046.75,3047.0,8
2008-01-03T05:00:00Z,3047.25,3047.5,3047.25,3047.5,18
2008-01-03T05:01:00Z,3047.25,3047.25,3046.75,3047.0,25
2008-01-03T05:02:00Z,3046.5,3047.0,3046.5,3047.0,3
2008-01-03T05:03:00Z,3047.0,3047.25,3047.0,3047.25,7
2008-01-03T05:05:00Z,3046.25,3046.25,3046.25,3046.25,1
2008-01-03T05:06:00Z,3046.5,3046.75,3046.5,3046.75,2
2008-01-03T05:08:00Z,3046.75,3047.25,3046.75,3047.25,13
2008-01-03T05:09:00Z,3047.0,3047.5,3046.25,3047.0,21
2008-01-03T05:10:00Z,3047.0,3047.5,3047.0,3047.25,4
2008-01-03T05:11:00Z,3047.0,3047.0,3046.5,3046.75,6
2008-01-03T05:14:00Z,3046.0,3046.0,3046.0,3046.0,2
2008-01-03T05:15:00Z,3045.75,3045.75,3045.75,3045.75,27
2008-01-03T05:16:00Z,3045.75,3046.25,3045.75,3046.0,17
2008-01-03T05:17:00Z,3046.0,3046.0,3045.5,3046.0,13
2008-01-03T05:18:00Z,3046.25,3047.0,3046.25,3047.0,45
2008-01-03T05:19:00Z,3047.25,3047.75,3047.25,3047.5,25
2008-01-03T05:20:00Z,3047.25,3047.25,3046.5,3047.0,33
2008-01-03T05:21:00Z,3046.75,3046.75,3046.75,3046.75,3
2008-01-03T05:22:00Z,3046.0,3046.25,3046.0,3046.25,25
2008-01-03T05:24:00Z,3046.25,3046.25,3046.0,3046.0,10
2008-01-03T05:25:00Z,3046.0,3046.5,3045.5,3045.5,38
2008-01-03T05:26:00Z,3045.5,3046.25,3045.25,3045.5,46
2008-01-03T05:27:00Z,3045.25,3045.25,3044.75,3045.25,74
2008-01-03T05:28:00Z,3044.75,3045.0,3044.5,3044.5,17
2008-01-03T05:29:00Z,3044.25,3044.5,3044.25,3044.25,53
2008-01-03T05:30:00Z,3044.25,3044.25,3043.0,3043.25,145
2008-01-03T05:31:00Z,3043.25,3043.25,3042.5,3042.75,95
2008-01-03T05:32:00Z,3042.75,3043.25,3042.5,3042.5,47
2008-01-03T05:33:00Z,3042.75,3043.0,3042.75,3042.75,36
2008-01-03T05:34:00Z,3043.0,3043.0,3043.0,3043.0,4
2008-01-03T05:35:00Z,3043.0,3043.0,3043.0,3043.0,5
2008-01-03T05:36:00Z,3042.5,3042.5,3042.5,3042.5,8
2008-01-03T05:37:00Z,3042.75,3043.0,3042.5,3042.5,3
2008-01-03T05:38:00Z,3043.0,3043.0,3042.5,3042.5,12
2008-01-03T05:39:00Z,3043.0,3043.25,3042.75,3043.0,50
2008-01-03T05:40:00Z,3042.75,3043.25,3042.75,3043.25,13
2008-01-03T05:41:00Z,3043.0,3043.0,3043.0,3043.0,2
2008-01-03T05:42:00Z,3043.0,3043.0,3043.0,3043.0,4
2008-01-03T05:43:00Z,3042.75,3044.25,3042.5,3044.25,43
2008-01-03T05:44:00Z,3044.5,3044.5,3044.25,3044.25,7
2008-01-03T05:45:00Z,3044.5,3044.5,3044.25,3044.25,12
2008-01-03T05:47:00Z,3044.5,3044.75,3044.5,3044.5,9
2008-01-03T05:48:00Z,3044.25,3044.5,3043.75,3044.5,19
2008-01-03T05:49:00Z,3044.25,3044.25,3044.25,3044.25,1
2008-01-03T05:50:00Z,3044.5,3044.5,3044.25,3044.25,3
2008-01-03T05:52:00Z,3045.5,3045.5,3045.25,3045.25,4
2008-01-03T05:53:00Z,3045.0,3045.0,3044.75,3044.75,12
2008-01-03T05:54:00Z,3044.5,3044.5,3044.5,3044.5,5
2008-01-03T05:55:00Z,3044.25,3044.25,3044.25,3044.25,9
2008-01-03T05:56:00Z,3044.25,3044.5,3044.25,3044.5,2
2008-01-03T05:57:00Z,3044.25,3044.25,3044.0,3044.0,2
2008-01-03T05:58:00Z,3043.75,3043.75,3043.75,3043.75,4
2008-01-03T05:59:00Z,3043.5,3043.75,3043.5,3043.75,6
2008-01-03T06:00:00Z,3043.25,3043.25,3043.0,3043.0,37
2008-01-03T06:01:00Z,3042.5,3042.75,3042.5,3042.5,8
2008-01-03T06:02:00Z,3042.5,3042.5,3042.5,3042.5,2
2008-01-03T06:03:00Z,3043.0,3043.25,3042.75,3042.75,30
2008-01-03T06:04:00Z,3042.5,3042.75,3042.5,3042.75,3
2008-01-03T06:05:00Z,3043.0,3043.0,3042.75,3042.75,2
2008-01-03T06:06:00Z,3043.0,3043.0,3042.5,3042.75,4
2008-01-03T06:07:00Z,3042.75,3042.75,3042.75,3042.75,1
2008-01-03T06:08:00Z,3042.5,3042.5,3042.5,3042.5,1
2008-01-03T06:10:00Z,3042.75,3043.0,3042.75,3043.0,2
2008-01-03T06:11:00Z,3042.75,3042.75,3042.5,3042.5,5
2008-01-03T06:12:00Z,3042.5,3043.25,3042.5,3043.25,16
2008-01-03T06:14:00Z,3044.25,3044.5,3044.25,3044.5,19
2008-01-03T06:15:00Z,3044.75,3044.75,3044.0,3044.25,45
2008-01-03T06:16:00Z,3044.5,3044.5,3044.5,3044.5,3
