DateTime,Open,High,Low,Close,Volume
2008-01-02 06:00:00,3090.75,3092.0,3090.0,3091.5,184
2008-01-02 06:01:00,3091.5,3092.5,3091.5,3092.5,83
2008-01-02 06:02:00,3092.75,3093.75,3092.75,3093.25,25
2008-01-02 06:03:00,3093.0,3093.5,3092.25,3093.0,83
2008-01-02 06:04:00,3093.0,3093.0,3092.5,3093.0,52
2008-01-02 06:05:00,3093.25,3096.0,3093.25,3096.0,53
2008-01-02 06:06:00,3096.0,3096.5,3095.5,3096.0,123
2008-01-02 06:07:00,3096.25,3096.25,3092.75,3093.75,116
2008-01-02 06:08:00,3094.0,3094.0,3094.0,3094.0,3
2008-01-02 06:09:00,3094.5,3094.75,3094.5,3094.5,18
2008-01-02 06:10:00,3094.5,3094.5,3094.0,3094.0,29
2008-01-02 06:11:00,3094.0,3094.0,3094.0,3094.0,2
2008-01-02 06:12:00,3094.5,3094.5,3093.0,3093.75,39
2008-01-02 06:13:00,3094.25,3094.25,3093.75,3094.0,26
2008-01-02 06:14:00,3094.0,3094.0,3093.25,3093.5,10
2008-01-02 06:15:00,3093.75,3094.0,3093.75,3094.0,8
2008-01-02 06:16:00,3094.0,3094.0,3093.5,3093.75,4
2008-01-02 06:17:00,3094.0,3094.0,3094.0,3094.0,12
2008-01-02 06:18:00,3094.25,3094.5,3094.25,3094.5,13
2008-01-02 06:19:00,3094.25,3094.25,3093.75,3094.0,13
2008-01-02 06:20:00,3094.0,3094.5,3094.0,3094.5,3
2008-01-02 06:22:00,3094.0,3094.0,3094.0,3094.0,1
2008-01-02 06:23:00,3094.0,3094.75,3094.0,3094.75,9
2008-01-02 06:25:00,3095.5,3095.5,3095.5,3095.5,1
2008-01-02 06:27:00,3095.25,3095.25,3094.75,3094.75,11
2008-01-02 06:28:00,3094.75,3095.5,3094.75,3095.5,4
2008-01-02 06:29:00,3094.75,3094.75,3094.75,3094.75,170
2008-01-02 06:30:00,3094.75,3095.0,3094.75,3095.0,9
2008-01-02 06:31:00,3095.25,3095.25,3095.25,3095.25,5
2008-01-02 06:32:00,3095.0,3095.0,3095.0,3095.0,1
2008-01-02 06:33:00,3095.25,3095.25,3095.25,3095.25,1
2008-01-02 06:34:00,3095.0,3095.25,3094.75,3095.25,61
2008-01-02 06:35:00,3095.0,3095.0,3094.75,3094.75,25
2008-01-02 06:36:00,3094.75,3095.25,3094.75,3095.25,68
2008-01-02 06:37:00,3095.25,3095.25,3094.75,3095.25,12
2008-01-02 06:38:00,3095.0,3095.5,3094.75,3095.5,34
2008-01-02 06:39:00,3095.5,3095.5,3095.25,3095.25,2
2008-01-02 06:40:00,3095.25,3095.25,3095.25,3095.25,4
2008-01-02 06:41:00,3095.0,3095.0,3094.75,3094.75,5
2008-01-02 06:42:00,3095.25,3095.25,3095.25,3095.25,2
2008-01-02 06:45:00,3095.0,3095.0,3094.75,3094.75,24
2008-01-02 06:46:00,3094.75,3094.75,3094.75,3094.75,6
2008-01-02 06:47:00,3094.75,3094.75,3094.75,3094.75,1
2008-01-02 06:48:00,3094.75,3094.75,3094.75,3094.75,3
2008-01-02 06:50:00,3095.25,3095.25,3095.25,3095.25,2
2008-01-02 06:51:00,3094.75,3095.5,3094.75,3095.0,3
2008-01-02 06:53:00,3095.0,3095.0,3094.75,3095.0,15
2008-01-02 06:54:00,3095.25,3095.75,3095.25,3095.75,33
2008-01-02 06:55:00,3095.75,3095.75,3095.5,3095.5,3
2008-01-02 06:56:00,3095.5,3095.5,3095.5,3095.5,10
2008-01-02 06:57:00,3095.5,3095.5,3095.5,3095.5,2
2008-01-02 06:58:00,3095.75,3095.75,3095.75,3095.75,10
2008-01-02 06:59:00,3095.75,3095.75,3095.75,3095.75,1
2008-01-02 07:01:00,3095.5,3095.5,3095.25,3095.25,6
2008-01-02 07:02:00,3095.25,3095.75,3095.0,3095.25,23
2008-01-02 07:03:00,3095.25,3095.5,3094.75,3095.0,76
2008-01-02 07:04:00,3095.0,3095.0,3095.0,3095.0,3
2008-01-02 07:05:00,3095.0,3095.0,3094.75,3094.75,96
2008-01-02 07:06:00,3094.75,3094.75,3094.75,3094.75,60
2008-01-02 07:07:00,3094.75,3094.75,3093.5,3093.5,39
2008-01-02 07:09:00,3094.0,3094.0,3093.25,3093.25,9
2008-01-02 07:10:00,3093.5,3093.5,3093.25,3093.25,30
2008-01-02 07:11:00,3093.0,3093.75,3092.75,3093.75,35
2008-01-02 07:12:00,3093.5,3093.75,3093.25,3093.25,31
2008-01-02 07:13:00,3093.0,3093.0,3093.0,3093.0,4
2008-01-02 07:14:00,3092.75,3092.75,3092.75,3092.75,8
2008-01-02 07:15:00,3092.75,3092.75,3092.75,3092.75,2
2008-01-02 07:16:00,3092.75,3092.75,3092.0,3092.0,13
2008-01-02 07:17:00,3092.75,3092.75,3092.75,3092.75,8
2008-01-02 07:18:00,3092.5,3092.5,3092.25,3092.5,38
2008-01-02 07:19:00,3092.75,3092.75,3092.75,3092.75,2
2008-01-02 07:20:00,3093.25,3093.5,3093.25,3093.5,3
2008-01-02 07:21:00,3093.0,3093.0,3092.75,3092.75,5
2008-01-02 07:22:00,3093.25,3093.5,3093.25,3093.5,4
2008-01-02 07:23:00,3093.75,3093.75,3093.25,3093.25,8
2008-01-02 07:24:00,3093.5,3093.75,3093.5,3093.75,7
2008-01-02 07:25:00,3093.5,3093.5,3093.0,3093.5,28
2008-01-02 07:26:00,3093.5,3093.5,3093.25,3093.25,4
2008-01-02 07:27:00,3093.25,3093.25,3093.0,3093.0,5
2008-01-02 07:28:00,3093.0,3093.0,3093.0,3093.0,2
2008-01-02 07:29:00,3093.0,3093.25,3093.0,3093.25,5
2008-01-02 07:31:00,3092.75,3092.75,3092.5,3092.5,30
2008-01-02 07:32:00,3092.75,3092.75,3092.25,3092.25,5
2008-01-02 07:33:00,3092.5,3092.5,3092.25,3092.5,18
2008-01-02 07:34:00,3092.25,3092.25,3092.25,3092.25,1
2008-01-02 07:35:00,3093.0,3093.0,3093.0,3093.0,1
2008-01-02 07:36:00,3092.25,3092.5,3092.0,3092.25,13
2008-01-02 07:37:00,3092.5,3092.5,3092.0,3092.0,8
2008-01-02 07:38:00,3092.5,3092.5,3092.5,3092.5,2
2008-01-02 07:39:00,3092.0,3092.5,3092.0,3092.5,4
2008-01-02 07:41:00,3092.25,3092.5,3092.0,3092.5,48
2008-01-02 07:43:00,3092.25,3092.25,3092.25,3092.25,7
2008-01-02 07:44:00,3092.5,3092.75,3092.5,3092.5,10
2008-01-02 07:45:00,3092.75,3092.75,3092.25,3092.5,9
2008-01-02 07:46:00,3092.0,3092.0,3092.0,3092.0,34
2008-01-02 07:47:00,3091.75,3091.75,3091.25,3091.5,79
2008-01-02 07:48:00,3091.25,3091.25,3091.25,3091.25,6
2008-01-02 07:49:00,3091.5,3091.75,3091.0,3091.75,13
2008-01-02 07:50:00,3091.75,3091.75,3091.25,3091.25,16
2008-01-02 07:51:00,3091.5,3091.75,3091.0,3091.0,42
2008-01-02 07:52:00,3091.25,3091.25,3091.25,3091.25,2
2008-01-02 07:53:00,3091.0,3091.0,3090.75,3091.0,25
2008-01-02 07:54:00,3090.75,3091.25,3090.75,3091.25,3
2008-01-02 07:55:00,3090.5,3090.5,3090.0,3090.25,39
2008-01-02 07:56:00,3090.25,3090.75,3090.25,3090.5,7
2008-01-02 07:57:00,3090.25,3091.0,3090.25,3091.0,16
2008-01-02 07:59:00,3090.5,3090.5,3090.5,3090.5,14
2008-01-02 08:00:00,3090.5,3091.25,3090.5,3090.5,20
2008-01-02 08:01:00,3090.75,3091.0,3090.75,3091.0,4
2008-01-02 08:02:00,3091.0,3091.0,3090.75,3091.0,20
2008-01-02 08:03:00,3091.0,3091.5,3091.0,3091.5,10
2008-01-02 08:04:00,3090.75,3091.0,3090.75,3090.75,14
2008-01-02 08:05:00,3090.75,3091.0,3090.5,3091.0,36
2008-01-02 08:06:00,3090.75,3090.75,3090.75,3090.75,10
2008-01-02 08:07:00,3091.0,3091.0,3090.75,3090.75,14
2008-01-02 08:08:00,3090.5,3090.5,3090.25,3090.25,23
2008-01-02 08:09:00,3090.0,3090.25,3089.75,3090.25,8
2008-01-02 08:10:00,3090.0,3090.0,3090.0,3090.0,14
2008-01-02 08:11:00,3090.0,3090.25,3089.75,3089.75,58
2008-01-02 08:12:00,3089.75,3089.75,3087.75,3087.75,98
2008-01-02 08:13:00,3088.75,3088.75,3088.0,3088.0,10
2008-01-02 08:14:00,3088.25,3088.25,3087.75,3088.0,16
2008-01-02 08:15:00,3087.5,3087.5,3086.5,3086.75,58
2008-01-02 08:16:00,3086.75,3087.75,3086.5,3087.75,108
2008-01-02 08:17:00,3088.0,3088.5,3088.0,3088.25,38
2008-01-02 08:18:00,3088.25,3088.25,3087.5,3087.5,45
2008-01-02 08:19:00,3087.75,3088.25,3087.75,3088.25,38
2008-01-02 08:20:00,3088.25,3088.5,3087.25,3088.5,82
2008-01-02 08:21:00,3088.5,3088.5,3088.5,3088.5,1
2008-01-02 08:22:00,3088.5,3088.5,3087.5,3088.25,20
2008-01-02 08:23:00,3088.0,3088.0,3087.5,3087.5,22
2008-01-02 08:24:00,3087.75,3088.0,3087.75,3088.0,27
2008-01-02 08:25:00,3088.25,3088.25,3087.75,3088.0,36
2008-01-02 08:27:00,3088.25,3088.25,3088.0,3088.0,18
2008-01-02 08:28:00,3088.0,3089.0,3088.0,3088.5,68
2008-01-02 08:29:00,3089.0,3089.0,3089.0,3089.0,10
2008-01-02 08:30:00,3089.0,3089.25,3089.0,3089.25,2
2008-01-02 08:31:00,3088.75,3090.75,3088.75,3090.0,84
2008-01-02 08:32:00,3090.25,3090.25,3089.75,3090.0,61
2008-01-02 08:33:00,3090.0,3090.0,3089.75,3089.75,20
2008-01-02 08:34:00,3089.5,3089.75,3089.5,3089.75,21
2008-01-02 08:35:00,3089.75,3090.0,3089.75,3090.0,5
2008-01-02 08:36:00,3089.5,3089.75,3088.5,3088.75,71
2008-01-02 08:37:00,3089.0,3090.0,3088.75,3089.0,36
2008-01-02 08:38:00,3088.75,3088.75,3088.75,3088.75,1
2008-01-02 08:39:00,3089.5,3089.5,3089.5,3089.5,3
2008-01-02 08:40:00,3089.75,3089.75,3089.0,3089.0,31
2008-01-02 08:41:00,3089.25,3089.75,3089.25,3089.75,25
2008-01-02 08:42:00,3089.5,3089.75,3089.5,3089.75,5
2008-01-02 08:43:00,3090.0,3090.25,3089.25,3089.5,25
2008-01-02 08:44:00,3089.75,3089.75,3089.5,3089.5,16
2008-01-02 08:45:00,3089.25,3089.25,3088.75,3088.75,68
2008-01-02 08:46:00,3089.25,3089.25,3088.75,3088.75,11
2008-01-02 08:47:00,3089.0,3089.0,3088.25,3088.5,57
2008-01-02 08:48:00,3088.5,3088.5,3088.25,3088.25,7
2008-01-02 08:49:00,3088.5,3089.25,3088.5,3089.25,18
2008-01-02 08:50:00,3088.75,3088.75,3088.25,3088.75,13
2008-01-02 08:51:00,3088.5,3088.5,3088.5,3088.5,1
2008-01-02 08:52:00,3088.5,3088.75,3088.5,3088.75,9
2008-01-02 08:53:00,3088.5,3088.5,3088.25,3088.5,44
2008-01-02 08:54:00,3089.0,3089.0,3089.0,3089.0,5
2008-01-02 08:55:00,3088.75,3088.75,3088.25,3088.5,20
2008-01-02 08:56:00,3088.75,3088.75,3087.75,3087.75,80
2008-01-02 08:57:00,3087.75,3088.0,3087.5,3087.5,121
2008-01-02 08:58:00,3087.75,3088.0,3087.75,3088.0,44
2008-01-02 08:59:00,3087.75,3087.75,3087.25,3087.25,114
2008-01-02 09:00:00,3087.25,3088.75,3087.0,3087.75,235
2008-01-02 09:01:00,3088.0,3088.25,3087.75,3087.75,99
2008-01-02 09:02:00,3087.75,3088.0,3087.75,3088.0,16
2008-01-02 09:03:00,3088.0,3088.25,3087.5,3088.0,86
2008-01-02 09:04:00,3088.0,3088.0,3087.75,3087.75,18
2008-01-02 09:05:00,3087.5,3087.5,3087.0,3087.0,35
2008-01-02 09:06:00,3087.25,3087.75,3086.75,3086.75,33
2008-01-02 09:07:00,3087.0,3087.25,3086.5,3087.0,12
2008-01-02 09:08:00,3087.25,3087.25,3087.25,3087.25,10
2008-01-02 09:09:00,3087.25,3087.5,3087.25,3087.5,2
2008-01-02 09:10:00,3087.5,3087.5,3087.25,3087.25,16
2008-01-02 09:11:00,3087.0,3087.0,3087.0,3087.0,21
2008-01-02 09:12:00,3087.5,3087.5,3087.25,3087.25,43
2008-01-02 09:13:00,3087.0,3087.0,3086.0,3086.0,118
2008-01-02 09:14:00,3086.0,3086.5,3085.75,3086.25,73
2008-01-02 09:15:00,3086.5,3086.5,3086.0,3086.0,15
2008-01-02 09:16:00,3086.0,3086.5,3085.25,3085.25,112
2008-01-02 09:17:00,3085.0,3085.0,3084.75,3085.0,63
2008-01-02 09:18:00,3085.0,3085.25,3084.75,3084.75,79
2008-01-02 09:19:00,3084.75,3084.75,3084.5,3084.5,87
2008-01-02 09:20:00,3084.5,3084.75,3082.75,3082.75,345
2008-01-02 09:21:00,3082.5,3083.25,3082.5,3083.25,74
2008-01-02 09:22:00,3083.5,3084.0,3083.5,3083.75,165
2008-01-02 09:23:00,3083.75,3083.75,3082.5,3083.0,200
2008-01-02 09:24:00,3083.0,3084.0,3082.75,3083.25,218
2008-01-02 09:25:00,3083.25,3083.5,3082.5,3083.0,113
2008-01-02 09:26:00,3082.75,3083.25,3082.25,3083.25,107
2008-01-02 09:27:00,3083.5,3084.0,3083.0,3083.5,127
2008-01-02 09:28:00,3083.0,3084.5,3083.0,3084.5,60
2008-01-02 09:29:00,3084.5,3085.5,3084.25,3084.25,184
2008-01-02 09:30:00,3084.25,3085.75,3083.5,3085.75,1644
2008-01-02 09:31:00,3085.75,3087.0,3085.5,3086.25,1149
2008-01-02 09:32:00,3086.25,3088.5,3086.25,3087.0,1029
2008-01-02 09:33:00,3087.0,3087.5,3086.5,3086.5,733
2008-01-02 09:34:00,3086.5,3089.0,3086.25,3089.0,1060
2008-01-02 09:35:00,3089.0,3089.25,3088.0,3089.0,943
2008-01-02 09:36:00,3088.75,3091.5,3086.75,3086.75,1707
2008-01-02 09:37:00,3086.5,3087.75,3085.5,3086.5,1436
2008-01-02 09:38:00,3086.75,3089.75,3086.5,3089.0,1290
2008-01-02 09:39:00,3089.0,3090.5,3088.75,3090.0,525
2008-01-02 09:40:00,3089.75,3090.75,3088.25,3090.5,1076
2008-01-02 09:41:00,3090.75,3091.0,3089.0,3090.5,795
2008-01-02 09:42:00,3090.5,3092.0,3089.75,3091.5,1172
2008-01-02 09:43:00,3091.5,3092.25,3090.75,3090.75,994
2008-01-02 09:44:00,3091.0,3091.25,3089.0,3090.5,745
2008-01-02 09:45:00,3090.5,3090.75,3089.25,3089.5,386
2008-01-02 09:46:00,3089.5,3090.5,3088.25,3088.25,916
2008-01-02 09:47:00,3088.0,3089.75,3087.75,3089.5,546
2008-01-02 09:48:00,3089.25,3089.25,3087.5,3087.5,462
2008-01-02 09:49:00,3087.5,3088.0,3087.0,3087.25,619
2008-01-02 09:50:00,3087.25,3087.25,3086.0,3086.25,1045
2008-01-02 09:51:00,3086.5,3087.25,3086.0,3086.25,1187
2008-01-02 09:52:00,3086.5,3086.75,3086.25,3086.5,197
2008-01-02 09:53:00,3086.5,3088.5,3086.5,3088.25,609
2008-01-02 09:54:00,3088.5,3089.0,3088.0,3088.5,251
2008-01-02 09:55:00,3088.75,3089.0,3087.5,3088.0,528
2008-01-02 09:56:00,3088.0,3088.25,3086.5,3086.75,812
2008-01-02 09:57:00,3086.75,3087.0,3085.0,3086.5,902
2008-01-02 09:58:00,3086.0,3088.5,3086.0,3088.0,339
2008-01-02 09:59:00,3088.25,3088.75,3087.75,3088.5,220
2008-01-02 10:00:00,3088.5,3088.5,3082.0,3082.0,3357
2008-01-02 10:01:00,3082.25,3082.75,3077.75,3078.75,2810
2008-01-02 10:02:00,3078.5,3082.25,3077.75,3079.5,2481
2008-01-02 10:03:00,3079.5,3082.5,3079.25,3081.0,1548
2008-01-02 10:04:00,3081.25,3082.75,3080.75,3081.0,1053
2008-01-02 10:05:00,3081.25,3081.75,3078.75,3079.0,959
2008-01-02 10:06:00,3079.25,3083.5,3078.25,3081.0,2108
2008-01-02 10:07:00,3081.0,3083.75,3080.25,3083.25,1113
2008-01-02 10:08:00,3083.25,3085.5,3082.25,3084.25,1423
2008-01-02 10:09:00,3084.25,3086.5,3082.0,3083.0,2459
2008-01-02 10:10:00,3083.0,3084.25,3081.0,3081.5,1545
2008-01-02 10:11:00,3081.5,3082.25,3080.25,3081.0,1244
2008-01-02 10:12:00,3081.0,3082.25,3080.75,3081.25,624
2008-01-02 10:13:00,3081.0,3081.0,3078.5,3079.5,931
2008-01-02 10:14:00,3079.5,3079.5,3078.0,3078.75,615
2008-01-02 10:15:00,3078.75,3080.0,3077.5,3079.25,1734
2008-01-02 10:16:00,3079.25,3079.25,3076.5,3077.0,1221
2008-01-02 10:17:00,3077.0,3079.25,3077.0,3078.25,1343
2008-01-02 10:18:00,3078.25,3078.75,3076.75,3076.75,876
2008-01-02 10:19:00,3077.0,3078.25,3075.0,3077.75,1534
2008-01-02 10:20:00,3077.5,3078.5,3076.25,3078.5,1678
2008-01-02 10:21:00,3078.5,3079.25,3078.0,3079.25,966
2008-01-02 10:22:00,3079.0,3080.0,3078.75,3079.0,628
2008-01-02 10:23:00,3079.25,3081.25,3079.0,3080.75,748
2008-01-02 10:24:00,3080.5,3080.75,3079.75,3080.25,427
2008-01-02 10:25:00,3080.25,3081.5,3080.25,3081.25,553
2008-01-02 10:26:00,3081.25,3082.0,3080.75,3081.0,581
2008-01-02 10:27:00,3081.0,3082.25,3081.0,3082.25,454
2008-01-02 10:28:00,3082.25,3082.25,3081.0,3081.75,529
2008-01-02 10:29:00,3082.0,3082.5,3081.25,3082.25,264
2008-01-02 10:30:00,3082.5,3082.5,3079.75,3080.75,743
2008-01-02 10:31:00,3080.5,3082.0,3079.5,3081.0,764
2008-01-02 10:32:00,3081.0,3081.5,3079.75,3080.25,387
2008-01-02 10:33:00,3080.0,3080.25,3078.25,3078.75,758
2008-01-02 10:34:00,3078.75,3081.5,3078.25,3080.25,813
2008-01-02 10:35:00,3080.25,3081.0,3079.5,3080.25,436
2008-01-02 10:36:00,3080.5,3080.5,3079.75,3079.75,295
2008-01-02 10:37:00,3080.0,3080.25,3079.5,3080.25,393
2008-01-02 10:38:00,3080.25,3080.5,3079.5,3079.5,590
2008-01-02 10:39:00,3079.75,3080.25,3078.0,3078.0,643
2008-01-02 10:40:00,3078.0,3078.5,3076.5,3078.0,1048
2008-01-02 10:41:00,3078.0,3078.25,3077.25,3077.75,543
2008-01-02 10:42:00,3077.75,3078.25,3076.75,3077.0,1164
2008-01-02 10:43:00,3077.0,3077.25,3076.0,3076.5,982
2008-01-02 10:44:00,3076.5,3076.5,3074.0,3074.75,1429
2008-01-02 10:45:00,3074.75,3076.25,3074.5,3075.75,1302
2008-01-02 10:46:00,3075.75,3076.5,3074.0,3074.0,1126
2008-01-02 10:47:00,3074.0,3074.75,3073.25,3073.5,1032
2008-01-02 10:48:00,3074.0,3075.25,3073.0,3074.25,1189
2008-01-02 10:49:00,3074.0,3074.5,3071.75,3072.25,1874
2008-01-02 10:50:00,3072.25,3072.5,3071.5,3072.25,1781
2008-01-02 10:51:00,3072.25,3072.25,3071.5,3072.0,388
2008-01-02 10:52:00,3072.0,3072.5,3070.5,3072.25,974
2008-01-02 10:53:00,3072.75,3074.5,3072.5,3074.25,1180
2008-01-02 10:54:00,3074.25,3074.5,3073.0,3073.25,985
2008-01-02 10:55:00,3073.25,3074.0,3072.25,3072.25,693
2008-01-02 10:56:00,3072.5,3072.5,3069.5,3071.0,1311
2008-01-02 10:57:00,3070.75,3071.75,3070.25,3071.25,795
2008-01-02 10:58:00,3071.0,3071.5,3070.25,3070.75,808
2008-01-02 10:59:00,3070.75,3070.75,3069.25,3069.75,443
2008-01-02 11:00:00,3069.75,3072.0,3069.25,3072.0,928
2008-01-02 11:01:00,3072.0,3073.0,3071.75,3072.25,639
2008-01-02 11:02:00,3072.0,3072.75,3071.75,3072.75,495
2008-01-02 11:03:00,3072.75,3073.0,3071.0,3071.25,642
2008-01-02 11:04:00,3071.25,3072.25,3070.5,3071.75,584
2008-01-02 11:05:00,3071.75,3073.25,3071.25,3072.25,759
2008-01-02 11:06:00,3072.25,3073.5,3072.0,3072.0,604
2008-01-02 11:07:00,3072.0,3074.0,3071.75,3074.0,522
2008-01-02 11:08:00,3074.0,3074.25,3072.75,3072.75,440
2008-01-02 11:09:00,3072.75,3072.75,3071.25,3071.75,723
2008-01-02 11:10:00,3072.0,3073.25,3070.75,3071.0,1052
2008-01-02 11:11:00,3071.25,3071.5,3070.0,3070.25,298
2008-01-02 11:12:00,3070.0,3070.25,3067.0,3067.25,1877
2008-01-02 11:13:00,3067.25,3067.5,3065.0,3066.25,3112
2008-01-02 11:14:00,3066.25,3066.5,3065.0,3065.5,1528
2008-01-02 11:15:00,3065.25,3065.75,3064.75,3065.75,1327
2008-01-02 11:16:00,3065.75,3066.0,3063.75,3064.0,1065
2008-01-02 11:17:00,3063.75,3063.75,3060.25,3061.0,2349
2008-01-02 11:18:00,3061.0,3062.25,3060.5,3061.75,840
2008-01-02 11:19:00,3061.75,3062.25,3060.75,3060.75,442
2008-01-02 11:20:00,3060.75,3060.75,3056.25,3057.5,2726
2008-01-02 11:21:00,3057.75,3057.75,3056.0,3056.5,1924
2008-01-02 11:22:00,3056.5,3056.75,3055.75,3056.0,1960
2008-01-02 11:23:00,3056.25,3057.5,3056.0,3056.25,974
2008-01-02 11:24:00,3056.25,3057.5,3056.0,3057.25,980
2008-01-02 11:25:00,3057.25,3058.25,3056.75,3057.75,450
2008-01-02 11:26:00,3058.0,3059.0,3057.5,3058.5,471
2008-01-02 11:27:00,3058.75,3059.25,3056.5,3057.0,1159
2008-01-02 11:28:00,3056.75,3057.5,3056.5,3057.5,425
2008-01-02 11:29:00,3057.5,3058.5,3057.25,3057.5,607
2008-01-02 11:30:00,3057.25,3057.75,3056.0,3056.75,720
2008-01-02 11:31:00,3056.75,3057.25,3056.0,3056.75,378
2008-01-02 11:32:00,3056.75,3056.75,3054.5,3055.0,1480
2008-01-02 11:33:00,3055.0,3055.0,3052.0,3052.0,1619
2008-01-02 11:34:00,3052.0,3053.25,3051.5,3052.25,1553
2008-01-02 11:35:00,3052.0,3052.5,3051.75,3052.25,562
2008-01-02 11:36:00,3052.0,3052.25,3049.75,3049.75,1492
2008-01-02 11:37:00,3049.5,3050.25,3048.5,3049.75,1831
2008-01-02 11:38:00,3049.75,3050.0,3049.0,3049.25,1967
2008-01-02 11:39:00,3049.25,3049.25,3047.0,3048.0,3394
2008-01-02 11:40:00,3048.25,3048.5,3047.5,3047.75,929
2008-01-02 11:41:00,3047.75,3047.75,3046.25,3047.75,1381
2008-01-02 11:42:00,3047.5,3048.25,3046.75,3047.25,1114
2008-01-02 11:43:00,3047.25,3047.75,3044.0,3045.25,2824
2008-01-02 11:44:00,3045.25,3045.5,3044.0,3045.25,1489
2008-01-02 11:45:00,3045.25,3045.25,3044.5,3044.5,827
2008-01-02 11:46:00,3044.5,3044.75,3042.0,3042.75,2193
2008-01-02 11:47:00,3042.75,3044.75,3042.25,3044.5,1632
2008-01-02 11:48:00,3044.5,3046.0,3044.0,3046.0,1329
2008-01-02 11:49:00,3046.0,3046.75,3045.25,3045.5,1633
2008-01-02 11:50:00,3045.75,3047.25,3045.25,3047.25,1322
2008-01-02 11:51:00,3047.25,3049.75,3047.25,3049.75,1814
2008-01-02 11:52:00,3049.75,3050.0,3048.0,3048.0,1428
2008-01-02 11:53:00,3047.75,3048.25,3047.25,3047.75,891
2008-01-02 11:54:00,3047.75,3047.75,3047.0,3047.25,416
2008-01-02 11:55:00,3047.25,3048.0,3047.25,3047.25,324
2008-01-02 11:56:00,3047.25,3047.25,3046.0,3047.0,482
2008-01-02 11:57:00,3046.75,3049.0,3046.75,3049.0,604
2008-01-02 11:58:00,3049.0,3049.75,3048.75,3049.5,1043
2008-01-02 11:59:00,3049.5,3050.5,3049.25,3050.5,1091
2008-01-02 12:00:00,3050.5,3050.5,3048.5,3049.25,2442
2008-01-02 12:01:00,3049.25,3050.25,3049.0,3050.0,696
2008-01-02 12:02:00,3050.0,3050.5,3048.75,3049.0,1396
2008-01-02 12:03:00,3049.0,3049.5,3048.5,3048.75,752
2008-01-02 12:04:00,3048.75,3049.25,3047.5,3047.75,534
2008-01-02 12:05:00,3047.5,3048.0,3047.0,3047.5,835
2008-01-02 12:06:00,3047.25,3047.75,3046.75,3047.5,410
2008-01-02 12:07:00,3047.25,3047.75,3045.75,3045.75,796
2008-01-02 12:08:00,3045.75,3045.75,3043.0,3043.5,2056
2008-01-02 12:09:00,3043.25,3043.5,3041.5,3042.0,1021
2008-01-02 12:10:00,3042.0,3043.0,3041.75,3042.0,1028
2008-01-02 12:11:00,3042.0,3042.75,3041.5,3042.25,548
2008-01-02 12:12:00,3042.25,3043.0,3041.5,3042.75,838
2008-01-02 12:13:00,3042.75,3043.75,3041.75,3043.5,1037
2008-01-02 12:14:00,3043.25,3043.5,3042.0,3042.5,797
2008-01-02 12:15:00,3042.5,3043.0,3041.5,3042.25,833
2008-01-02 12:16:00,3042.25,3042.25,3040.75,3040.75,498
2008-01-02 12:17:00,3040.75,3040.75,3039.0,3040.5,1186
2008-01-02 12:18:00,3040.5,3040.5,3039.75,3040.5,725
2008-01-02 12:19:00,3040.5,3041.25,3039.5,3041.25,918
2008-01-02 12:20:00,3041.0,3041.25,3039.5,3040.5,994
2008-01-02 12:21:00,3040.75,3040.75,3039.0,3040.0,936
2008-01-02 12:22:00,3040.25,3040.25,3038.0,3038.0,1324
2008-01-02 12:23:00,3037.75,3038.25,3036.25,3037.25,2334
2008-01-02 12:24:00,3037.25,3038.0,3036.75,3037.25,1563
2008-01-02 12:25:00,3037.5,3038.0,3036.75,3037.5,682
2008-01-02 12:26:00,3037.5,3038.25,3037.25,3038.0,408
2008-01-02 12:27:00,3038.0,3039.0,3037.75,3038.25,873
2008-01-02 12:28:00,3038.25,3038.5,3037.25,3037.25,573
2008-01-02 12:29:00,3037.5,3038.0,3037.25,3037.75,327
2008-01-02 12:30:00,3037.75,3039.75,3037.25,3039.0,1102
2008-01-02 12:31:00,3038.75,3039.5,3037.5,3038.5,1081
2008-01-02 12:32:00,3038.5,3038.75,3038.25,3038.25,181
2008-01-02 12:33:00,3038.5,3039.25,3038.25,3038.75,411
2008-01-02 12:34:00,3039.0,3040.75,3037.5,3040.5,831
2008-01-02 12:35:00,3040.25,3041.25,3039.75,3040.0,724
2008-01-02 12:36:00,3040.0,3041.25,3040.0,3041.25,706
2008-01-02 12:37:00,3041.0,3042.25,3040.75,3042.0,539
2008-01-02 12:38:00,3042.25,3043.0,3042.25,3042.75,382
2008-01-02 12:39:00,3042.75,3044.0,3042.75,3043.5,520
2008-01-02 12:40:00,3043.5,3044.0,3042.5,3042.75,618
2008-01-02 12:41:00,3042.75,3043.25,3042.25,3042.5,390
2008-01-02 12:42:00,3042.5,3043.0,3042.25,3042.75,390
2008-01-02 12:43:00,3042.75,3043.0,3042.75,3042.75,220
2008-01-02 12:44:00,3042.75,3043.5,3042.5,3042.5,514
2008-01-02 12:45:00,3042.75,3042.75,3041.0,3042.0,757
2008-01-02 12:46:00,3042.0,3042.75,3042.0,3042.5,170
2008-01-02 12:47:00,3042.5,3042.75,3041.25,3042.75,726
2008-01-02 12:48:00,3042.75,3043.25,3042.0,3042.0,474
2008-01-02 12:49:00,3042.25,3042.5,3041.75,3042.0,140
2008-01-02 12:50:00,3041.75,3041.75,3040.25,3040.25,319
2008-01-02 12:51:00,3040.25,3040.25,3038.25,3039.75,1158
2008-01-02 12:52:00,3039.75,3041.5,3039.5,3040.75,726
2008-01-02 12:53:00,3041.0,3041.25,3040.75,3040.75,127
2008-01-02 12:54:00,3041.0,3042.5,3041.0,3042.25,532
2008-01-02 12:55:00,3042.25,3043.5,3042.25,3043.0,267
2008-01-02 12:56:00,3043.25,3043.25,3042.0,3042.25,193
2008-01-02 12:57:00,3042.25,3043.75,3042.0,3043.5,676
2008-01-02 12:58:00,3043.5,3044.5,3043.25,3044.25,274
2008-01-02 12:59:00,3044.5,3045.5,3043.0,3043.5,812
2008-01-02 13:00:00,3043.75,3044.75,3043.5,3044.5,537
2008-01-02 13:01:00,3044.25,3044.75,3044.25,3044.5,212
2008-01-02 13:02:00,3044.5,3045.75,3044.5,3045.25,423
2008-01-02 13:03:00,3045.5,3045.75,3044.25,3044.5,402
2008-01-02 13:04:00,3044.5,3044.5,3042.25,3042.5,741
2008-01-02 13:05:00,3042.25,3045.25,3042.0,3044.75,1801
2008-01-02 13:06:00,3044.75,3044.75,3042.5,3043.25,660
2008-01-02 13:07:00,3043.5,3043.5,3041.5,3042.0,308
2008-01-02 13:08:00,3042.25,3043.75,3041.5,3041.5,560
2008-01-02 13:09:00,3041.5,3041.5,3038.5,3039.0,1549
2008-01-02 13:10:00,3039.25,3039.5,3038.25,3038.75,569
2008-01-02 13:11:00,3038.75,3040.0,3037.25,3037.75,1412
2008-01-02 13:12:00,3037.75,3038.0,3036.75,3037.0,884
2008-01-02 13:13:00,3037.0,3038.5,3036.0,3036.25,811
2008-01-02 13:14:00,3036.5,3038.5,3036.5,3038.5,626
2008-01-02 13:15:00,3038.75,3040.25,3038.5,3040.25,784
2008-01-02 13:16:00,3039.75,3041.0,3039.75,3040.75,417
2008-01-02 13:17:00,3040.75,3040.75,3039.25,3039.5,536
2008-01-02 13:18:00,3039.5,3042.25,3039.5,3042.25,882
2008-01-02 13:19:00,3042.0,3043.0,3041.75,3042.0,685
2008-01-02 13:20:00,3042.25,3043.0,3041.75,3042.0,690
2008-01-02 13:21:00,3042.0,3042.0,3040.75,3041.25,569
2008-01-02 13:22:00,3041.25,3041.5,3040.5,3041.25,223
2008-01-02 13:23:00,3041.25,3042.75,3041.25,3042.0,554
2008-01-02 13:24:00,3042.0,3042.25,3041.0,3041.0,474
2008-01-02 13:25:00,3041.0,3041.25,3040.5,3040.75,238
2008-01-02 13:26:00,3040.5,3040.5,3038.25,3038.75,783
2008-01-02 13:27:00,3038.5,3038.75,3036.25,3037.75,1270
2008-01-02 13:28:00,3037.75,3038.5,3036.75,3037.75,426
2008-01-02 13:29:00,3037.75,3040.25,3037.5,3039.75,416
2008-01-02 13:30:00,3040.0,3040.0,3038.5,3039.25,172
2008-01-02 13:31:00,3039.0,3040.5,3038.75,3040.5,358
2008-01-02 13:32:00,3040.5,3041.75,3040.0,3041.5,529
2008-01-02 13:33:00,3041.75,3043.5,3041.5,3043.0,545
2008-01-02 13:34:00,3042.75,3043.25,3041.5,3042.75,826
2008-01-02 13:35:00,3042.75,3043.0,3042.0,3043.0,275
2008-01-02 13:36:00,3043.0,3044.25,3043.0,3044.25,529
2008-01-02 13:37:00,3044.25,3045.25,3044.0,3044.25,644
2008-01-02 13:38:00,3044.25,3044.75,3043.75,3044.0,692
2008-01-02 13:39:00,3043.75,3044.75,3043.25,3043.5,450
2008-01-02 13:40:00,3043.75,3044.0,3042.25,3042.75,710
2008-01-02 13:41:00,3042.75,3045.0,3042.75,3045.0,417
2008-01-02 13:42:00,3045.0,3045.25,3043.5,3044.25,465
2008-01-02 13:43:00,3044.25,3045.0,3044.0,3044.25,344
2008-01-02 13:44:00,3044.0,3045.0,3044.0,3044.25,263
2008-01-02 13:45:00,3044.5,3046.0,3044.25,3045.75,500
2008-01-02 13:46:00,3045.75,3046.75,3045.75,3046.5,491
2008-01-02 13:47:00,3046.75,3048.0,3046.25,3047.5,897
2008-01-02 13:48:00,3047.75,3048.5,3047.25,3048.0,724
2008-01-02 13:49:00,3048.0,3048.5,3047.5,3047.75,552
2008-01-02 13:50:00,3047.75,3048.75,3047.75,3048.5,678
2008-01-02 13:51:00,3048.5,3048.75,3048.0,3048.25,667
2008-01-02 13:52:00,3048.25,3048.5,3047.5,3048.25,443
2008-01-02 13:53:00,3048.0,3048.25,3047.75,3048.0,324
2008-01-02 13:54:00,3048.0,3048.0,3046.5,3046.75,729
2008-01-02 13:55:00,3047.0,3047.0,3046.25,3046.25,311
2008-01-02 13:56:00,3046.25,3046.75,3045.75,3046.25,432
2008-01-02 13:57:00,3046.25,3047.5,3046.0,3047.0,387
2008-01-02 13:58:00,3047.0,3047.0,3046.25,3046.5,793
2008-01-02 13:59:00,3046.5,3046.5,3044.5,3045.25,1338
2008-01-02 14:00:00,3046.0,3048.5,3045.0,3048.25,1782
2008-01-02 14:01:00,3048.25,3050.25,3047.5,3050.0,1595
2008-01-02 14:02:00,3050.0,3054.0,3050.0,3053.25,1722
2008-01-02 14:03:00,3053.5,3053.75,3050.75,3051.0,807
2008-01-02 14:04:00,3051.0,3051.25,3047.75,3048.0,1228
2008-01-02 14:05:00,3048.0,3048.75,3046.25,3047.0,1144
2008-01-02 14:06:00,3047.0,3050.5,3046.25,3050.25,2369
2008-01-02 14:07:00,3050.25,3054.0,3050.0,3052.5,1850
2008-01-02 14:08:00,3052.75,3054.75,3052.75,3054.75,828
2008-01-02 14:09:00,3054.75,3057.75,3054.25,3057.5,1573
2008-01-02 14:10:00,3057.75,3060.0,3057.0,3057.75,2409
2008-01-02 14:11:00,3057.75,3058.5,3057.0,3057.5,1120
2008-01-02 14:12:00,3057.5,3060.0,3057.5,3059.75,2266
2008-01-02 14:13:00,3059.75,3059.75,3058.5,3059.0,646
2008-01-02 14:14:00,3059.0,3063.75,3059.0,3063.25,2482
2008-01-02 14:15:00,3063.25,3063.5,3062.0,3062.5,1715
2008-01-02 14:16:00,3062.25,3062.75,3059.75,3060.0,2001
2008-01-02 14:17:00,3060.0,3061.75,3059.25,3061.5,1458
2008-01-02 14:18:00,3061.5,3063.75,3060.5,3063.25,1643
2008-01-02 14:19:00,3063.25,3063.25,3061.5,3061.75,1078
2008-01-02 14:20:00,3062.0,3062.0,3058.75,3059.25,1950
2008-01-02 14:21:00,3058.75,3059.5,3058.0,3058.25,744
2008-01-02 14:22:00,3058.5,3059.0,3057.0,3058.5,1227
2008-01-02 14:23:00,3058.5,3059.25,3055.25,3055.25,1496
2008-01-02 14:24:00,3055.25,3056.75,3055.25,3055.75,1173
2008-01-02 14:25:00,3055.5,3057.75,3055.0,3057.0,1325
2008-01-02 14:26:00,3057.0,3058.0,3055.0,3056.75,1171
2008-01-02 14:27:00,3057.0,3057.0,3055.5,3056.75,379
2008-01-02 14:28:00,3057.0,3057.25,3055.5,3055.75,588
2008-01-02 14:29:00,3055.5,3057.0,3055.25,3056.0,1022
2008-01-02 14:30:00,3056.0,3057.0,3055.5,3055.75,604
2008-01-02 14:31:00,3055.75,3057.0,3054.75,3056.0,1340
2008-01-02 14:32:00,3055.75,3056.75,3055.75,3056.0,790
2008-01-02 14:33:00,3056.0,3057.0,3055.75,3056.75,387
2008-01-02 14:34:00,3056.75,3057.5,3055.5,3055.5,928
2008-01-02 14:35:00,3055.5,3055.75,3052.0,3053.0,1156
2008-01-02 14:36:00,3052.75,3054.0,3051.75,3051.75,1566
2008-01-02 14:37:00,3051.75,3052.5,3049.75,3050.75,1835
2008-01-02 14:38:00,3051.0,3051.25,3049.75,3050.0,626
2008-01-02 14:39:00,3049.75,3049.75,3047.25,3047.5,1040
2008-01-02 14:40:00,3047.25,3049.0,3047.0,3048.75,791
2008-01-02 14:41:00,3048.75,3049.25,3047.75,3048.25,921
2008-01-02 14:42:00,3048.5,3049.25,3048.25,3049.0,586
2008-01-02 14:43:00,3049.0,3049.5,3046.0,3046.0,1758
2008-01-02 14:44:00,3046.0,3046.75,3044.5,3046.25,1545
2008-01-02 14:45:00,3046.5,3048.25,3046.25,3047.75,1472
2008-01-02 14:46:00,3047.25,3047.5,3044.75,3045.75,1150
2008-01-02 14:47:00,3046.0,3047.5,3045.5,3046.75,1087
2008-01-02 14:48:00,3047.0,3049.0,3046.5,3048.25,581
2008-01-02 14:49:00,3048.5,3049.0,3047.75,3048.0,703
2008-01-02 14:50:00,3048.0,3051.25,3048.0,3050.25,1355
2008-01-02 14:51:00,3050.5,3051.5,3050.25,3050.25,744
2008-01-02 14:52:00,3050.25,3050.75,3050.0,3050.0,211
2008-01-02 14:53:00,3050.0,3050.0,3047.25,3047.75,911
2008-01-02 14:54:00,3047.75,3049.25,3047.25,3049.0,356
2008-01-02 14:55:00,3049.0,3049.0,3047.0,3047.25,964
2008-01-02 14:56:00,3047.25,3047.5,3045.5,3045.75,1425
2008-01-02 14:57:00,3045.75,3046.0,3043.5,3043.75,985
2008-01-02 14:58:00,3043.75,3045.25,3043.75,3044.5,639
2008-01-02 14:59:00,3044.5,3044.75,3041.25,3041.75,1250
2008-01-02 15:00:00,3041.75,3042.25,3040.5,3040.75,1353
2008-01-02 15:01:00,3040.75,3042.5,3040.25,3042.0,1022
2008-01-02 15:02:00,3042.25,3042.75,3041.75,3042.0,774
2008-01-02 15:03:00,3041.75,3042.5,3039.75,3042.5,1309
2008-01-02 15:04:00,3042.5,3044.25,3040.75,3040.75,1151
2008-01-02 15:05:00,3041.0,3043.5,3040.75,3042.5,1057
2008-01-02 15:06:00,3042.5,3042.5,3038.5,3039.0,2053
2008-01-02 15:07:00,3038.75,3040.25,3038.0,3038.75,1575
2008-01-02 15:08:00,3038.5,3039.0,3037.75,3038.25,1200
2008-01-02 15:09:00,3038.0,3039.25,3037.25,3038.25,940
2008-01-02 15:10:00,3038.25,3039.25,3037.5,3038.75,1260
2008-01-02 15:11:00,3038.75,3042.0,3038.5,3042.0,1390
2008-01-02 15:12:00,3042.0,3042.0,3040.5,3041.25,756
2008-01-02 15:13:00,3041.0,3042.0,3040.75,3042.0,460
2008-01-02 15:14:00,3041.75,3042.25,3040.5,3040.5,577
2008-01-02 15:15:00,3040.5,3041.25,3040.0,3040.5,716
2008-01-02 15:16:00,3040.5,3040.75,3038.25,3039.25,1079
2008-01-02 15:17:00,3039.0,3040.25,3038.25,3039.0,780
2008-01-02 15:18:00,3039.25,3040.25,3038.5,3040.25,267
2008-01-02 15:19:00,3040.25,3040.25,3038.5,3038.5,410
2008-01-02 15:20:00,3038.75,3039.5,3037.0,3038.5,1012
2008-01-02 15:21:00,3038.5,3041.0,3038.5,3041.0,433
2008-01-02 15:22:00,3041.0,3041.0,3039.5,3041.0,428
2008-01-02 15:23:00,3041.0,3042.75,3040.5,3042.5,383
2008-01-02 15:24:00,3042.5,3043.5,3042.0,3042.75,1218
2008-01-02 15:25:00,3042.75,3042.75,3041.5,3042.0,828
2008-01-02 15:26:00,3042.25,3042.25,3040.5,3040.75,594
2008-01-02 15:27:00,3040.75,3042.25,3040.5,3041.5,704
2008-01-02 15:28:00,3041.5,3043.25,3041.0,3041.0,1258
2008-01-02 15:29:00,3041.0,3041.25,3039.0,3039.75,824
2008-01-02 15:30:00,3039.5,3040.25,3038.25,3040.0,778
2008-01-02 15:31:00,3039.75,3041.5,3039.75,3041.5,360
2008-01-02 15:32:00,3041.25,3041.75,3040.75,3041.75,145
2008-01-02 15:33:00,3042.0,3043.5,3041.75,3042.0,688
2008-01-02 15:34:00,3042.0,3043.5,3042.0,3043.5,715
2008-01-02 15:35:00,3043.75,3045.0,3042.5,3043.75,1733
2008-01-02 15:36:00,3043.5,3044.5,3043.25,3044.5,665
2008-01-02 15:37:00,3044.25,3046.25,3044.25,3045.5,1576
2008-01-02 15:38:00,3045.75,3045.75,3044.25,3045.0,732
2008-01-02 15:39:00,3045.0,3045.25,3044.5,3044.5,254
2008-01-02 15:40:00,3044.5,3045.25,3043.0,3043.75,571
2008-01-02 15:41:00,3043.75,3045.75,3043.5,3044.75,839
2008-01-02 15:42:00,3044.5,3046.5,3044.5,3046.5,625
2008-01-02 15:43:00,3046.5,3049.0,3046.25,3047.75,1428
2008-01-02 15:44:00,3048.0,3049.25,3046.5,3046.75,1626
2008-01-02 15:45:00,3046.5,3047.0,3046.0,3046.75,325
2008-01-02 15:46:00,3046.5,3046.75,3043.75,3045.0,829
2008-01-02 15:47:00,3045.0,3046.25,3044.75,3046.25,1025
2008-01-02 15:48:00,3046.0,3046.5,3043.5,3043.75,718
2008-01-02 15:49:00,3043.75,3043.75,3042.75,3043.75,1113
2008-01-02 15:50:00,3043.5,3043.5,3042.25,3042.5,870
2008-01-02 15:51:00,3042.75,3044.75,3042.5,3044.75,598
2008-01-02 15:52:00,3044.75,3046.25,3044.0,3046.25,1234
2008-01-02 15:53:00,3046.0,3047.75,3045.75,3047.5,1771
2008-01-02 15:54:00,3047.5,3048.25,3047.0,3047.25,1247
2008-01-02 15:55:00,3047.25,3049.0,3047.25,3048.0,837
2008-01-02 15:56:00,3047.75,3048.25,3047.0,3047.25,746
2008-01-02 15:57:00,3047.25,3047.5,3046.0,3046.5,1473
2008-01-02 15:58:00,3046.5,3047.5,3046.5,3047.0,1327
2008-01-02 15:59:00,3047.0,3047.5,3046.75,3047.5,1726
2008-01-02 16:00:00,3047.25,3048.25,3045.75,3046.5,2933
2008-01-02 16:01:00,3046.25,3046.75,3045.25,3046.5,654
2008-01-02 16:02:00,3046.5,3047.75,3046.25,3047.5,894
2008-01-02 16:03:00,3047.5,3047.5,3046.5,3047.0,330
2008-01-02 16:04:00,3046.75,3048.0,3046.75,3047.5,322
2008-01-02 16:05:00,3047.75,3048.25,3047.25,3047.5,342
2008-01-02 16:06:00,3047.5,3049.25,3047.5,3049.0,397
2008-01-02 16:07:00,3049.0,3049.0,3047.75,3048.25,448
2008-01-02 16:08:00,3048.25,3048.75,3048.0,3048.75,420
2008-01-02 16:09:00,3049.0,3050.0,3048.5,3049.75,367
2008-01-02 16:10:00,3049.5,3051.25,3049.25,3050.75,921
2008-01-02 16:11:00,3051.0,3051.0,3050.5,3051.0,277
2008-01-02 16:12:00,3051.0,3051.0,3050.5,3051.0,441
2008-01-02 16:13:00,3051.0,3051.0,3049.25,3049.5,405
2008-01-02 16:14:00,3049.75,3051.0,3048.5,3051.0,1161
2008-01-02 16:30:00,3050.75,3050.75,3049.5,3049.75,35
2008-01-02 16:31:00,3049.5,3049.75,3049.25,3049.75,37
2008-01-02 16:32:00,3049.75,3050.0,3049.75,3050.0,6
2008-01-02 16:33:00,3049.75,3049.75,3049.75,3049.75,4
2008-01-02 16:34:00,3050.0,3050.0,3049.75,3049.75,10
2008-01-02 16:35:00,3049.75,3050.25,3049.75,3050.25,8
2008-01-02 16:36:00,3050.0,3050.25,3050.0,3050.25,9
2008-01-02 16:37:00,3050.25,3050.25,3050.25,3050.25,22
2008-01-02 16:38:00,3050.0,3050.5,3050.0,3050.5,3
2008-01-02 16:39:00,3050.5,3050.75,3050.5,3050.75,10
2008-01-02 16:40:00,3050.25,3051.0,3050.25,3051.0,17
2008-01-02 16:41:00,3051.0,3052.25,3051.0,3052.25,57
2008-01-02 16:42:00,3052.5,3052.5,3052.5,3052.5,5
2008-01-02 16:43:00,3052.0,3052.0,3051.25,3051.25,3
2008-01-02 16:44:00,3051.25,3051.5,3051.25,3051.5,6
2008-01-02 16:45:00,3051.75,3054.0,3051.75,3051.75,180
2008-01-02 16:46:00,3052.25,3053.0,3052.0,3052.0,9
2008-01-02 16:47:00,3052.25,3052.5,3052.0,3052.0,36
2008-01-02 16:48:00,3052.25,3052.25,3051.75,3051.75,5
2008-01-02 16:51:00,3052.0,3052.0,3052.0,3052.0,1
2008-01-02 16:52:00,3051.75,3051.75,3051.5,3051.5,3
2008-01-02 16:53:00,3051.5,3051.75,3051.5,3051.75,4
2008-01-02 16:54:00,3051.75,3052.0,3051.75,3052.0,2
2008-01-02 16:55:00,3052.0,3052.0,3051.5,3051.5,3
2008-01-02 16:56:00,3051.5,3051.5,3051.0,3051.0,4
2008-01-02 16:57:00,3050.75,3051.0,3050.5,3051.0,26
2008-01-02 16:58:00,3051.0,3051.0,3051.0,3051.0,2
2008-01-02 16:59:00,3050.5,3050.5,3050.5,3050.5,4
2008-01-02 17:00:00,3051.25,3051.25,3051.25,3051.25,1
2008-01-02 17:01:00,3051.0,3051.5,3051.0,3051.5,6
2008-01-02 17:06:00,3051.25,3051.25,3051.25,3051.25,1
2008-01-02 17:07:00,3051.75,3051.75,3051.75,3051.75,6
2008-01-02 17:09:00,3051.75,3051.75,3051.75,3051.75,3
2008-01-02 17:10:00,3051.75,3051.75,3051.75,3051.75,1
2008-01-02 17:12:00,3051.75,3052.5,3051.75,3052.25,73
2008-01-02 17:13:00,3052.25,3052.5,3052.25,3052.5,5
2008-01-02 17:19:00,3052.5,3052.5,3052.5,3052.5,2
2008-01-02 17:24:00,3052.0,3052.25,3052.0,3052.25,7
2008-01-02 17:25:00,3052.25,3052.5,3052.25,3052.5,4
2008-01-02 17:26:00,3053.0,3053.25,3053.0,3053.0,46
2008-01-02 17:27:00,3053.25,3053.25,3053.25,3053.25,7
2008-01-02 17:29:00,3053.0,3053.25,3053.0,3053.25,2
2008-01-02 18:00:00,3052.5,3052.5,3052.5,3052.5,1
2008-01-02 18:02:00,3053.0,3053.0,3053.0,3053.0,1
2008-01-02 18:04:00,3053.0,3053.0,3053.0,3053.0,2
2008-01-02 18:07:00,3053.25,3053.5,3053.25,3053.5,12
2008-01-02 18:08:00,3053.25,3054.75,3053.25,3053.75,48
2008-01-02 18:09:00,3053.75,3053.75,3053.75,3053.75,2
2008-01-02 18:10:00,3054.5,3054.75,3054.5,3054.75,17
2008-01-02 18:12:00,3054.5,3054.5,3054.25,3054.25,4
2008-01-02 18:13:00,3054.5,3054.5,3054.5,3054.5,1
2008-01-02 18:14:00,3054.5,3054.5,3054.25,3054.25,5
2008-01-02 18:15:00,3054.0,3054.0,3054.0,3054.0,3
2008-01-02 18:16:00,3054.0,3054.0,3054.0,3054.0,3
2008-01-02 18:20:00,3054.0,3054.5,3054.0,3054.5,2
2008-01-02 18:21:00,3054.25,3054.5,3054.25,3054.5,2
2008-01-02 18:25:00,3054.5,3054.5,3054.5,3054.5,1
2008-01-02 18:28:00,3054.0,3054.0,3054.0,3054.0,1
2008-01-02 18:29:00,3054.0,3054.0,3054.0,3054.0,2
2008-01-02 18:30:00,3054.5,3054.5,3054.5,3054.5,5
2008-01-02 18:38:00,3053.5,3053.5,3053.5,3053.5,1
2008-01-02 18:44:00,3054.0,3054.0,3054.0,3054.0,6
2008-01-02 18:46:00,3054.0,3054.0,3054.0,3054.0,5
2008-01-02 18:47:00,3054.0,3054.0,3053.5,3053.5,4
2008-01-02 18:48:00,3053.5,3053.5,3053.5,3053.5,9
2008-01-02 18:49:00,3053.25,3053.25,3053.0,3053.0,5
2008-01-02 18:51:00,3053.75,3053.75,3053.0,3053.0,6
2008-01-02 18:54:00,3053.5,3053.5,3053.5,3053.5,21
2008-01-02 18:56:00,3053.5,3053.5,3053.25,3053.25,21
2008-01-02 19:00:00,3053.0,3053.0,3053.0,3053.0,6
2008-01-02 19:02:00,3052.75,3052.75,3052.75,3052.75,2
2008-01-02 19:03:00,3052.5,3052.5,3052.5,3052.5,4
2008-01-02 19:04:00,3052.5,3052.5,3052.5,3052.5,1
2008-01-02 19:08:00,3052.25,3052.25,3052.25,3052.25,1
2008-01-02 19:09:00,3052.0,3052.0,3052.0,3052.0,1
2008-01-02 19:12:00,3053.25,3053.25,3053.25,3053.25,5
2008-01-02 19:16:00,3053.5,3053.5,3053.5,3053.5,4
2008-01-02 19:17:00,3053.5,3053.5,3053.5,3053.5,1
2008-01-02 19:18:00,3052.75,3052.75,3052.75,3052.75,2
2008-01-02 19:27:00,3053.25,3053.25,3053.25,3053.25,4
2008-01-02 19:28:00,3053.0,3053.0,3052.75,3052.75,2
2008-01-02 19:29:00,3052.75,3052.75,3052.75,3052.75,2
2008-01-02 19:30:00,3053.75,3053.75,3053.75,3053.75,2
2008-01-02 19:31:00,3053.75,3053.75,3053.75,3053.75,3
2008-01-02 19:36:00,3053.75,3054.5,3053.75,3054.5,6
2008-01-02 19:37:00,3053.0,3053.0,3053.0,3053.0,11
2008-01-02 19:38:00,3054.25,3054.25,3054.25,3054.25,1
2008-01-02 19:45:00,3054.0,3054.0,3054.0,3054.0,4
2008-01-02 19:47:00,3053.25,3053.25,3053.25,3053.25,1
2008-01-02 19:48:00,3053.5,3053.5,3053.5,3053.5,1
2008-01-02 19:49:00,3054.0,3054.0,3054.0,3054.0,2
2008-01-02 19:54:00,3053.75,3053.75,3053.75,3053.75,3
2008-01-02 19:57:00,3054.25,3054.25,3054.25,3054.25,1
2008-01-02 19:58:00,3054.5,3054.5,3054.5,3054.5,1
2008-01-02 19:59:00,3054.0,3054.0,3054.0,3054.0,2
2008-01-02 20:03:00,3055.0,3055.0,3055.0,3055.0,1
2008-01-02 20:04:00,3054.5,3054.5,3054.5,3054.5,2
2008-01-02 20:10:00,3055.25,3055.25,3055.25,3055.25,2
2008-01-02 20:11:00,3055.25,3055.25,3055.25,3055.25,1
2008-01-02 20:12:00,3055.25,3055.25,3055.25,3055.25,1
2008-01-02 20:13:00,3054.75,3054.75,3054.75,3054.75,1
2008-01-02 20:15:00,3054.75,3054.75,3054.75,3054.75,1
2008-01-02 20:25:00,3054.25,3054.25,3054.25,3054.25,3
2008-01-02 20:29:00,3054.0,3054.0,3054.0,3054.0,6
2008-01-02 20:30:00,3053.75,3053.75,3053.75,3053.75,2
2008-01-02 20:34:00,3053.25,3053.25,3052.75,3052.75,2
2008-01-02 20:35:00,3053.75,3054.0,3053.75,3054.0,2
2008-01-02 20:42:00,3054.5,3054.5,3054.5,3054.5,1
2008-01-02 20:52:00,3054.0,3054.0,3054.0,3054.0,1
2008-01-02 21:00:00,3054.25,3054.25,3054.25,3054.25,1
2008-01-02 21:01:00,3054.0,3054.0,3054.0,3054.0,1
2008-01-02 21:04:00,3054.0,3054.0,3054.0,3054.0,1
2008-01-02 21:08:00,3054.5,3054.5,3054.5,3054.5,2
2008-01-02 21:09:00,3053.5,3053.5,3053.5,3053.5,1
2008-01-02 21:22:00,3053.75,3053.75,3053.75,3053.75,1
2008-01-02 21:33:00,3054.0,3054.0,3053.5,3053.5,10
2008-01-02 21:34:00,3053.5,3053.5,3053.5,3053.5,4
2008-01-02 21:35:00,3053.5,3053.5,3053.5,3053.5,4
2008-01-02 21:36:00,3053.5,3053.5,3053.5,3053.5,1
2008-01-02 21:47:00,3054.25,3054.25,3054.25,3054.25,1
2008-01-02 21:54:00,3055.5,3055.5,3055.5,3055.5,1
2008-01-02 21:55:00,3055.5,3055.5,3055.5,3055.5,1
2008-01-02 22:06:00,3055.25,3055.5,3055.25,3055.5,2
2008-01-02 22:08:00,3054.75,3054.75,3054.75,3054.75,1
2008-01-02 22:09:00,3054.5,3055.5,3054.5,3055.5,3
2008-01-02 22:15:00,3055.75,3056.25,3055.75,3056.25,4
2008-01-02 22:18:00,3055.75,3055.75,3055.75,3055.75,1
2008-01-02 22:19:00,3055.25,3055.25,3055.25,3055.25,2
2008-01-02 22:23:00,3055.25,3055.25,3055.25,3055.25,1
2008-01-02 22:24:00,3055.25,3055.25,3055.25,3055.25,7
2008-01-02 22:26:00,3055.25,3055.25,3055.25,3055.25,1
2008-01-02 22:28:00,3055.0,3055.0,3055.0,3055.0,2
2008-01-02 22:33:00,3055.0,3055.0,3055.0,3055.0,1
2008-01-02 22:35:00,3055.5,3055.5,3055.5,3055.5,1
2008-01-02 22:42:00,3054.75,3054.75,3054.75,3054.75,1
2008-01-02 22:44:00,3054.75,3054.75,3054.75,3054.75,1
2008-01-02 22:49:00,3055.0,3055.0,3055.0,3055.0,1
2008-01-02 22:55:00,3054.75,3054.75,3054.25,3054.5,9
2008-01-02 22:57:00,3055.0,3055.5,3055.0,3055.5,2
2008-01-02 22:58:00,3056.0,3056.0,3056.0,3056.0,1
2008-01-02 23:22:00,3055.5,3055.5,3055.5,3055.5,5
2008-01-02 23:26:00,3055.75,3055.75,3055.75,3055.75,5
2008-01-02 23:27:00,3056.0,3056.0,3056.0,3056.0,1
2008-01-02 23:36:00,3055.5,3055.5,3055.5,3055.5,3
2008-01-02 23:38:00,3055.5,3055.5,3055.5,3055.5,7
2008-01-02 23:39:00,3055.75,3055.75,3055.75,3055.75,11
2008-01-02 23:42:00,3055.75,3055.75,3055.5,3055.5,5
2008-01-02 23:44:00,3055.5,3055.5,3055.5,3055.5,1
2008-01-02 23:48:00,3055.75,3056.0,3055.75,3056.0,11
2008-01-02 23:50:00,3056.25,3056.25,3056.25,3056.25,1
2008-01-02 23:53:00,3055.25,3055.25,3055.25,3055.25,1
2008-01-02 23:54:00,3056.25,3056.25,3056.25,3056.25,1
2008-01-02 23:57:00,3056.25,3056.25,3056.25,3056.25,7
2008-01-02 23:58:00,3055.75,3055.75,3055.75,3055.75,1
2008-01-03 00:09:00,3056.0,3056.75,3056.0,3056.75,7
2008-01-03 00:10:00,3056.75,3056.75,3056.75,3056.75,5
2008-01-03 00:11:00,3057.0,3057.0,3057.0,3057.0,4
2008-01-03 00:15:00,3056.5,3056.5,3056.5,3056.5,1
2008-01-03 00:16:00,3056.25,3056.25,3056.25,3056.25,1
2008-01-03 00:17:00,3056.25,3056.25,3056.25,3056.25,2
2008-01-03 00:18:00,3055.75,3056.0,3055.5,3056.0,22
2008-01-03 00:20:00,3056.5,3056.5,3056.5,3056.5,6
2008-01-03 00:21:00,3056.0,3056.0,3056.0,3056.0,2
2008-01-03 00:24:00,3055.75,3055.75,3055.75,3055.75,1
2008-01-03 00:25:00,3055.75,3056.75,3055.75,3056.75,3
2008-01-03 00:31:00,3056.25,3056.25,3056.25,3056.25,17
2008-01-03 00:33:00,3057.0,3057.25,3057.0,3057.25,22
2008-01-03 00:37:00,3056.5,3056.5,3056.5,3056.5,1
2008-01-03 00:43:00,3057.0,3057.0,3057.0,3057.0,1
2008-01-03 00:46:00,3056.75,3056.75,3056.75,3056.75,1
2008-01-03 00:47:00,3056.5,3056.5,3056.5,3056.5,3
2008-01-03 00:52:00,3056.75,3056.75,3056.75,3056.75,1
2008-01-03 00:58:00,3056.5,3056.5,3056.5,3056.5,2
2008-01-03 01:07:00,3056.75,3056.75,3056.75,3056.75,1
2008-01-03 01:08:00,3057.5,3057.5,3057.5,3057.5,5
2008-01-03 01:09:00,3056.5,3056.5,3056.5,3056.5,3
2008-01-03 01:10:00,3056.5,3056.5,3056.5,3056.5,1
2008-01-03 01:19:00,3057.25,3057.5,3057.25,3057.5,3
2008-01-03 01:26:00,3057.25,3057.25,3056.75,3056.75,7
2008-01-03 01:28:00,3057.25,3057.25,3057.25,3057.25,6
2008-01-03 01:43:00,3057.5,3057.75,3057.5,3057.75,5
2008-01-03 01:44:00,3057.75,3057.75,3057.75,3057.75,10
2008-01-03 01:45:00,3057.75,3057.75,3057.75,3057.75,3
2008-01-03 01:46:00,3057.75,3058.5,3057.75,3058.5,12
2008-01-03 01:47:00,3058.0,3058.0,3058.0,3058.0,1
2008-01-03 01:52:00,3057.75,3057.75,3057.0,3057.0,11
2008-01-03 01:54:00,3057.0,3057.0,3057.0,3057.0,1
2008-01-03 01:57:00,3057.5,3057.5,3057.5,3057.5,5
2008-01-03 01:59:00,3056.75,3056.75,3056.75,3056.75,1
2008-01-03 02:01:00,3057.25,3057.25,3054.75,3055.25,51
2008-01-03 02:02:00,3055.0,3055.0,3055.0,3055.0,1
2008-01-03 02:06:00,3056.0,3056.0,3056.0,3056.0,1
2008-01-03 02:08:00,3056.0,3056.0,3055.75,3055.75,4
2008-01-03 02:09:00,3055.5,3055.5,3055.5,3055.5,3
2008-01-03 02:10:00,3055.0,3055.0,3054.5,3054.5,13
2008-01-03 02:11:00,3054.75,3054.75,3054.75,3054.75,3
2008-01-03 02:13:00,3054.75,3054.75,3054.75,3054.75,7
2008-01-03 02:14:00,3054.5,3054.5,3054.5,3054.5,2
2008-01-03 02:19:00,3055.0,3055.0,3055.0,3055.0,3
2008-01-03 02:20:00,3055.0,3055.0,3055.0,3055.0,2
2008-01-03 02:21:00,3054.75,3054.75,3053.75,3053.75,29
2008-01-03 02:22:00,3053.5,3053.5,3053.25,3053.25,32
2008-01-03 02:23:00,3053.25,3053.25,3053.25,3053.25,13
2008-01-03 02:24:00,3053.5,3053.5,3053.5,3053.5,16
2008-01-03 02:25:00,3053.5,3053.5,3053.5,3053.5,9
2008-01-03 02:27:00,3053.5,3053.5,3053.5,3053.5,1
2008-01-03 02:30:00,3054.0,3054.0,3054.0,3054.0,1
2008-01-03 02:34:00,3053.75,3053.75,3053.75,3053.75,2
2008-01-03 02:36:00,3054.0,3054.0,3054.0,3054.0,1
2008-01-03 02:38:00,3054.25,3054.25,3054.25,3054.25,2
2008-01-03 02:39:00,3054.5,3055.0,3054.5,3055.0,9
2008-01-03 02:40:00,3053.75,3053.75,3053.75,3053.75,1
2008-01-03 02:41:00,3054.75,3055.0,3054.75,3055.0,6
2008-01-03 02:44:00,3054.5,3054.5,3053.75,3053.75,16
2008-01-03 02:45:00,3053.5,3053.5,3053.25,3053.25,9
2008-01-03 02:47:00,3053.5,3053.5,3053.0,3053.25,10
2008-01-03 02:48:00,3053.25,3053.25,3053.25,3053.25,1
2008-01-03 02:49:00,3053.5,3053.5,3053.0,3053.0,2
2008-01-03 02:53:00,3053.5,3053.5,3053.5,3053.5,3
2008-01-03 02:55:00,3053.25,3053.25,3053.0,3053.0,4
2008-01-03 02:56:00,3052.75,3052.75,3052.75,3052.75,5
2008-01-03 02:57:00,3053.0,3053.0,3052.5,3052.5,5
2008-01-03 02:59:00,3053.5,3053.75,3053.5,3053.75,2
2008-01-03 03:00:00,3054.25,3054.25,3053.25,3053.5,37
2008-01-03 03:01:00,3053.5,3053.5,3052.5,3052.75,59
2008-01-03 03:02:00,3052.75,3052.75,3051.5,3052.25,129
2008-01-03 03:03:00,3052.25,3052.5,3051.5,3052.5,21
2008-01-03 03:04:00,3052.75,3052.75,3052.25,3052.5,16
2008-01-03 03:05:00,3052.5,3052.5,3052.5,3052.5,1
2008-01-03 03:06:00,3053.75,3053.75,3053.75,3053.75,5
2008-01-03 03:07:00,3053.5,3053.5,3053.0,3053.0,6
2008-01-03 03:08:00,3053.0,3053.25,3053.0,3053.25,2
2008-01-03 03:09:00,3053.25,3053.75,3053.25,3053.5,34
2008-01-03 03:10:00,3053.25,3054.0,3053.25,3053.75,38
2008-01-03 03:11:00,3053.5,3053.75,3053.5,3053.75,7
2008-01-03 03:12:00,3054.25,3054.5,3054.0,3054.25,7
2008-01-03 03:13:00,3054.0,3055.0,3054.0,3055.0,164
2008-01-03 03:14:00,3054.75,3055.5,3054.75,3055.5,22
2008-01-03 03:15:00,3055.5,3056.5,3055.5,3056.5,66
2008-01-03 03:16:00,3055.75,3056.5,3055.75,3055.75,67
2008-01-03 03:17:00,3055.75,3055.75,3055.25,3055.25,7
2008-01-03 03:18:00,3055.25,3055.25,3055.25,3055.25,2
2008-01-03 03:19:00,3054.75,3054.75,3054.25,3054.25,12
2008-01-03 03:20:00,3054.0,3055.0,3054.0,3055.0,18
2008-01-03 03:21:00,3055.25,3056.0,3055.0,3055.75,28
2008-01-03 03:22:00,3056.0,3056.25,3055.25,3055.25,19
2008-01-03 03:23:00,3055.75,3055.75,3055.5,3055.5,5
2008-01-03 03:24:00,3056.0,3056.0,3056.0,3056.0,1
2008-01-03 03:25:00,3055.75,3055.75,3055.75,3055.75,1
2008-01-03 03:26:00,3056.0,3056.0,3055.25,3055.25,19
2008-01-03 03:27:00,3055.0,3055.0,3055.0,3055.0,7
2008-01-03 03:28:00,3055.0,3056.0,3055.0,3056.0,10
2008-01-03 03:29:00,3056.25,3056.25,3055.5,3055.5,47
2008-01-03 03:31:00,3055.75,3056.25,3055.5,3055.5,41
2008-01-03 03:32:00,3055.5,3055.75,3055.5,3055.75,7
2008-01-03 03:33:00,3055.25,3055.75,3055.25,3055.5,28
2008-01-03 03:35:00,3055.0,3055.0,3054.5,3054.5,4
2008-01-03 03:36:00,3054.5,3054.75,3054.25,3054.5,11
2008-01-03 03:37:00,3054.5,3054.5,3054.0,3054.0,18
2008-01-03 03:38:00,3054.25,3054.25,3053.75,3053.75,10
2008-01-03 03:39:00,3053.75,3053.75,3053.5,3053.75,20
2008-01-03 03:40:00,3053.5,3053.5,3052.25,3053.0,83
2008-01-03 03:41:00,3052.75,3053.25,3052.5,3052.5,6
2008-01-03 03:42:00,3052.5,3052.5,3051.5,3051.75,40
2008-01-03 03:43:00,3052.25,3053.25,3052.25,3052.75,23
2008-01-03 03:44:00,3053.0,3053.0,3052.0,3052.5,19
2008-01-03 03:46:00,3052.25,3052.25,3051.5,3052.0,9
2008-01-03 03:47:00,3052.25,3052.25,3051.75,3052.0,10
2008-01-03 03:48:00,3052.25,3052.5,3052.25,3052.5,4
2008-01-03 03:49:00,3052.5,3052.5,3052.0,3052.0,7
2008-01-03 03:50:00,3052.5,3052.5,3052.25,3052.5,20
2008-01-03 03:51:00,3052.0,3053.25,3052.0,3053.25,4
2008-01-03 03:52:00,3053.5,3053.5,3053.5,3053.5,3
2008-01-03 03:53:00,3052.75,3052.75,3052.5,3052.5,2
2008-01-03 03:54:00,3053.0,3053.0,3051.5,3051.5,20
2008-01-03 03:55:00,3052.0,3053.25,3051.5,3051.75,20
2008-01-03 03:56:00,3051.5,3052.0,3051.5,3051.75,4
2008-01-03 03:57:00,3051.5,3051.5,3050.75,3050.75,17
2008-01-03 03:58:00,3050.5,3050.75,3050.25,3050.25,29
2008-01-03 03:59:00,3050.5,3051.5,3050.5,3051.5,13
2008-01-03 04:00:00,3051.5,3052.5,3050.75,3051.0,49
2008-01-03 04:01:00,3051.0,3051.25,3050.25,3050.5,36
2008-01-03 04:02:00,3050.25,3051.5,3050.25,3051.5,21
2008-01-03 04:03:00,3051.75,3051.75,3050.0,3050.25,40
2008-01-03 04:05:00,3050.75,3051.0,3049.75,3049.75,62
2008-01-03 04:06:00,3049.75,3049.75,3048.25,3048.5,92
2008-01-03 04:07:00,3048.5,3049.0,3048.5,3048.75,12
2008-01-03 04:08:00,3049.0,3049.5,3049.0,3049.25,12
2008-01-03 04:09:00,3049.0,3049.0,3048.25,3048.25,27
2008-01-03 04:10:00,3048.0,3049.75,3047.75,3049.25,81
2008-01-03 04:11:00,3049.0,3049.75,3048.5,3048.5,26
2008-01-03 04:12:00,3048.5,3049.5,3048.25,3049.25,60
2008-01-03 04:13:00,3049.25,3049.5,3048.25,3048.25,38
2008-01-03 04:14:00,3048.25,3049.0,3048.25,3048.5,34
2008-01-03 04:15:00,3049.0,3049.0,3048.75,3048.75,28
2008-01-03 04:16:00,3049.0,3049.5,3049.0,3049.5,15
2008-01-03 04:17:00,3050.25,3050.25,3049.25,3049.25,67
2008-01-03 04:18:00,3049.75,3049.75,3049.5,3049.5,5
2008-01-03 04:19:00,3049.75,3050.25,3049.75,3050.25,6
2008-01-03 04:20:00,3049.75,3050.0,3049.75,3050.0,15
2008-01-03 04:22:00,3049.75,3049.75,3049.5,3049.5,4
2008-01-03 04:23:00,3049.5,3050.25,3049.5,3049.5,45
2008-01-03 04:24:00,3049.75,3049.75,3049.75,3049.75,17
2008-01-03 04:25:00,3049.5,3049.75,3049.5,3049.75,20
2008-01-03 04:26:00,3050.0,3050.0,3049.75,3049.75,6
2008-01-03 04:27:00,3049.75,3049.75,3049.75,3049.75,2
2008-01-03 04:28:00,3049.5,3049.75,3049.25,3049.25,15
2008-01-03 04:29:00,3049.5,3049.5,3048.75,3049.25,51
2008-01-03 04:30:00,3049.0,3049.0,3049.0,3049.0,2
2008-01-03 04:31:00,3048.75,3049.5,3048.75,3049.5,22
2008-01-03 04:33:00,3049.75,3049.75,3049.75,3049.75,3
2008-01-03 04:34:00,3049.5,3051.0,3049.5,3050.5,16
2008-01-03 04:35:00,3050.0,3050.0,3049.0,3049.0,19
2008-01-03 04:36:00,3049.5,3049.5,3048.75,3049.25,33
2008-01-03 04:37:00,3049.5,3049.5,3049.25,3049.25,3
2008-01-03 04:38:00,3049.25,3050.0,3049.25,3050.0,14
2008-01-03 04:46:00,3048.5,3048.5,3048.5,3048.5,2
2008-01-03 04:47:00,3048.5,3048.75,3047.25,3047.25,62
2008-01-03 04:48:00,3047.75,3048.25,3047.5,3047.5,43
2008-01-03 04:49:00,3047.75,3047.75,3047.25,3047.75,32
2008-01-03 04:50:00,3047.5,3047.5,3047.5,3047.5,7
2008-01-03 04:51:00,3047.5,3047.5,3046.5,3046.5,34
2008-01-03 04:52:00,3046.25,3046.5,3046.25,3046.5,14
2008-01-03 04:53:00,3046.25,3046.25,3046.0,3046.0,21
2008-01-03 04:54:00,3046.0,3047.5,3046.0,3047.5,22
2008-01-03 04:55:00,3048.0,3048.0,3048.0,3048.0,5
2008-01-03 04:56:00,3047.75,3048.25,3047.75,3048.25,5
2008-01-03 04:57:00,3048.25,3048.25,3047.75,3048.0,10
2008-01-03 04:58:00,3047.75,3047.75,3046.75,3046.75,9
2008-01-03 04:59:00,3046.75,3047.0,3046.75,3047.0,8
2008-01-03 05:00:00,3047.25,3047.5,3047.25,3047.5,18
2008-01-03 05:01:00,3047.25,3047.25,3046.75,3047.0,25
2008-01-03 05:02:00,3046.5,3047.0,3046.5,3047.0,3
2008-01-03 05:03:00,3047.0,3047.25,3047.0,3047.25,7
2008-01-03 05:05:00,3046.25,3046.25,3046.25,3046.25,1
2008-01-03 05:06:00,3046.5,3046.75,3046.5,3046.75,2
2008-01-03 05:08:00,3046.75,3047.25,3046.75,3047.25,13
2008-01-03 05:09:00,3047.0,3047.5,3046.25,3047.0,21
2008-01-03 05:10:00,3047.0,3047.5,3047.0,3047.25,4
2008-01-03 05:11:00,3047.0,3047.0,3046.5,3046.75,6
2008-01-03 05:14:00,3046.0,3046.0,3046.0,3046.0,2
2008-01-03 05:15:00,3045.75,3045.75,3045.75,3045.75,27
2008-01-03 05:16:00,3045.75,3046.25,3045.75,3046.0,17
2008-01-03 05:17:00,3046.0,3046.0,3045.5,3046.0,13
2008-01-03 05:18:00,3046.25,3047.0,3046.25,3047.0,45
2008-01-03 05:19:00,3047.25,3047.75,3047.25,3047.5,25
2008-01-03 05:20:00,3047.25,3047.25,3046.5,3047.0,33
2008-01-03 05:21:00,3046.75,3046.75,3046.75,3046.75,3
2008-01-03 05:22:00,3046.0,3046.25,3046.0,3046.25,25
2008-01-03 05:24:00,3046.25,3046.25,3046.0,3046.0,10
2008-01-03 05:25:00,3046.0,3046.5,3045.5,3045.5,38
2008-01-03 05:26:00,3045.5,3046.25,3045.25,3045.5,46
2008-01-03 05:27:00,3045.25,3045.25,3044.75,3045.25,74
2008-01-03 05:28:00,3044.75,3045.0,3044.5,3044.5,17
2008-01-03 05:29:00,3044.25,3044.5,3044.25,3044.25,53
2008-01-03 05:30:00,3044.25,3044.25,3043.0,3043.25,145
2008-01-03 05:31:00,3043.25,3043.25,3042.5,3042.75,95
2008-01-03 05:32:00,3042.75,3043.25,3042.5,3042.5,47
2008-01-03 05:33:00,3042.75,3043.0,3042.75,3042.75,36
2008-01-03 05:34:00,3043.0,3043.0,3043.0,3043.0,4
2008-01-03 05:35:00,3043.0,3043.0,3043.0,3043.0,5
2008-01-03 05:36:00,3042.5,3042.5,3042.5,3042.5,8
2008-01-03 05:37:00,3042.75,3043.0,3042.5,3042.5,3
2008-01-03 05:38:00,3043.0,3043.0,3042.5,3042.5,12
2008-01-03 05:39:00,3043.0,3043.25,3042.75,3043.0,50
2008-01-03 05:40:00,3042.75,3043.25,3042.75,3043.25,13
2008-01-03 05:41:00,3043.0,3043.0,3043.0,3043.0,2
2008-01-03 05:42:00,3043.0,3043.0,3043.0,3043.0,4
2008-01-03 05:43:00,3042.75,3044.25,3042.5,3044.25,43
2008-01-03 05:44:00,3044.5,3044.5,3044.25,3044.25,7
2008-01-03 05:45:00,3044.5,3044.5,3044.25,3044.25,12
2008-01-03 05:47:00,3044.5,3044.75,3044.5,3044.5,9
2008-01-03 05:48:00,3044.25,3044.5,3043.75,3044.5,19
2008-01-03 05:49:00,3044.25,3044.25,3044.25,3044.25,1
2008-01-03 05:50:00,3044.5,3044.5,3044.25,3044.25,3
2008-01-03 05:52:00,3045.5,3045.5,3045.25,3045.25,4
2008-01-03 05:53:00,3045.0,3045.0,3044.75,3044.75,12
2008-01-03 05:54:00,3044.5,3044.5,3044.5,3044.5,5
2008-01-03 05:55:00,3044.25,3044.25,3044.25,3044.25,9
2008-01-03 05:56:00,3044.25,3044.5,3044.25,3044.5,2
2008-01-03 05:57:00,3044.25,3044.25,3044.0,3044.0,2
2008-01-03 05:58:00,3043.75,3043.75,3043.75,3043.75,4
2008-01-03 05:59:00,3043.5,3043.75,3043.5,3043.75,6
2008-01-03 06:00:00,3043.25,3043.25,3043.0,3043.0,37
2008-01-03 06:01:00,3042.5,3042.75,3042.5,3042.5,8
2008-01-03 06:02:00,3042.5,3042.5,3042.5,3042.5,2
2008-01-03 06:03:00,3043.0,3043.25,3042.75,3042.75,30
2008-01-03 06:04:00,3042.5,3042.75,3042.5,3042.75,3
2008-01-03 06:05:00,3043.0,3043.0,3042.75,3042.75,2
2008-01-03 06:06:00,3043.0,3043.0,3042.5,3042.75,4
2008-01-03 06:07:00,3042.75,3042.75,3042.75,3042.75,1
2008-01-03 06:08:00,3042.5,3042.5,3042.5,3042.5,1
2008-01-03 06:10:00,3042.75,3043.0,3042.75,3043.0,2
2008-01-03 06:11:00,3042.75,3042.75,3042.5,3042.5,5
2008-01-03 06:12:00,3042.5,3043.25,3042.5,3043.25,16
2008-01-03 06:14:00,3044.25,3044.5,3044.25,3044.5,19
2008-01-03 06:15:00,3044.75,3044.75,3044.0,3044.25,45
2008-01-03 06:16:00,3044.5,3044.5,3044.5,3044.5,3